DT,NAME,emplevel,emplevel2,empgrowth,wagelevel,wagelevel2,wagegrowth,gdplevel,gdplevel2,gdpgrowth,prodlevel,prodlevel2,prodgrowth,Average.DT1,Average.DT2,GERD_PCT_GDP,GVA_IND_SHARE,SHARE_HIGH_EDUC,EQI,ardecoemp,CATG_label,GeoGroup
AT_C,Vienna +,1657.9,1822.5,9.93,42.315,49.665,17.37,38377.12833,42205.105,9.97,46.635,52.03333333,11.58,0.77,0.36,2.54,16.2,28.1,0.98,1626.4,More developed,NW_EU
AT11,Burgenland,139.2,141.7,1.8,34.77,41.22,18.55,24517.64,29431.95333,20.04,36.04666667,42.15333333,16.94,0.47,-0.29,0.77,19.5,20.6,1.05,112.4,Transition,NW_EU
AT21,Karnten,268,275.2,2.69,37.79,46,21.73,31272.84,35981.83667,15.06,39.24,45.37666667,15.64,0.43,-0.25,2.76,25.1,22.3,0.98,258.3,More developed,NW_EU
AT22,Steiermark,606.1,635.4,4.83,37.93,45.93,21.09,32410.57333,38467.79,18.69,38.95333333,46.32333333,18.92,0.35,-0.23,4.28,27.8,21.6,1.03,592.6,More developed,NW_EU
AT31,Oberosterreich,738.4,782.3,5.95,39.29,48.2,22.68,36922.44667,43009.29667,16.49,44.37333333,51.45666667,15.96,0.38,-0.26,2.78,32.9,22.1,1,720.4,More developed,NW_EU
AT32,Salzburg,277.6,293.9,5.87,38.76,47.62,22.86,43212.24,50286.76,16.37,45.16,53.16333333,17.72,0.39,-0.28,1.35,18.9,24.6,1,298,More developed,NW_EU
AT33,Tirol,367.2,397.8,8.33,37.59,46.06,22.53,37825.43,44703.96333,18.18,42.46333333,50.18666667,18.19,0.47,-0.12,2.73,21.6,22.4,1.25,373.8,More developed,NW_EU
AT34,Vorarlberg,191.8,210.5,9.75,39.92,49.14,23.1,38563.84,45398.27,17.72,48.90666667,57.35,17.26,0.48,-0.26,1.57,31.8,21.6,1.01,179.4,More developed,NW_EU
BE_C,Brussels +,1171,1256.2,7.28,57.67,66.00666667,14.46,44393.50556,54223.55778,22.14,58.95222222,72.44888889,22.89,0.67,0.06,4.2,10.6,45.3,0.34,1278.7,More developed,NW_EU
BE21,Prov. Antwerpen,791.9,855.4,8.02,51.79,59.65,15.18,39299.97,46114.20667,17.34,55.46,63.52,14.53,0.4,-0.1,2.67,24.4,35.2,0.92,783.5,More developed,NW_EU
BE22,Prov. Limburg (BE),391.8,402.4,2.71,44.08,50.31,14.13,27666.12667,31788.50667,14.9,44.67,49.48333333,10.78,0.61,-0.01,1.2,21.8,30.9,0.92,332.8,Transition,NW_EU
BE23,Prov. Oost-Vlaanderen,669.7,718.8,7.33,48.09,54.88,14.12,30316.64333,35594.80333,17.41,48.09,53.67333333,11.61,0.38,-0.23,2.33,21.2,36.4,0.92,570,More developed,NW_EU
BE25,Prov. West-Vlaanderen,524.9,555.5,5.83,44.66,51.67,15.7,31795.6,37927.10333,19.28,43.84,50.84666667,15.98,0.39,-0.21,1.12,21.5,32,0.92,513.2,More developed,NW_EU
BE32,Prov. Hainaut,530.9,526.7,-0.79,44.39,49.77,12.12,21701.41667,24289.86,11.93,42.1,46.67666667,10.87,0.6,0.08,1.36,17.7,27.4,0.2,431.4,Transition,NW_EU
BE33,Prov. Liege,453.4,451.7,-0.37,46.17,52.17,13,24729.90667,27791.20333,12.38,45.65,49.93333333,9.38,0.77,0.13,1.69,19.3,32.8,0.2,380,Transition,NW_EU
BE34,Prov. Luxembourg (BE),119.4,129.3,8.29,42.45,47.89,12.82,21990.37,24078.56333,9.5,40.90666667,43.43,6.17,0.77,0.34,0.42,14.8,33.8,0.2,93.6,Less developed,NW_EU
BE35,Prov. Namur,203,209.8,3.35,45.78,51.82,13.19,23622.26,26290.89667,11.3,41.68,45.76666667,9.8,0.61,0.02,1.08,11.4,34,0.2,166.9,Transition,NW_EU
BG31,Severozapaden,335.2,306.7,-8.5,4.81,8.01,66.53,4930.393333,6883.196667,39.61,7.923333333,10.28666667,29.83,0.45,-0.39,0.25,28.9,19,-2.1,312.34,Less developed,E_EU
BG32,Severen tsentralen,369.2,373.8,1.25,4.57,7.96,74.18,5292.556667,7744.27,46.32,7.346666667,9.813333333,33.58,0.47,-0.36,0.21,27.9,21.9,-1.45,370.06,Less developed,E_EU
BG33,Severoiztochen,443,443.5,0.11,5.15,8.91,73.01,6384.336667,9109.213333,42.68,8.7,11.19333333,28.66,0.5,-0.38,0.31,20.9,22.8,-1.09,427.13,Less developed,E_EU
BG34,Yugoiztochen,478,480.9,0.61,5.21,8.52,63.53,6280.493333,8706.663333,38.63,8.49,11.03666667,30,0.48,-0.72,0.21,33.3,19.7,-1.85,485.31,Less developed,E_EU
BG41,Yugozapaden,1068.1,1103.1,3.28,6.85,12.72,85.69,13008.67667,18736.14667,44.03,13.56333333,17.61666667,29.88,0.33,-1.45,1.05,15.2,35.8,-2.03,1254.06,Transition,E_EU
BG42,Yuzhen tsentralen,647.9,667.8,3.07,4.49,7.96,77.28,5406.316667,7999.15,47.96,7.133333333,9.97,39.77,0.35,-0.87,0.31,30.1,19.4,-1.26,675.79,Less developed,E_EU
CY00,Cyprus,432.2,448.2,3.7,26.64,26.02,-2.33,23745.47333,26962.96,13.55,26.85333333,29.31333333,9.16,0.55,-0.08,0.5,8.4,38.2,0.01,407.27,Transition,S_EU
CZ_C,Prague +,1302,1424.5,9.41,19.945,27.17,36.22,27133.18667,35786.97833,31.89,24.34666667,32.01,31.48,0.36,-0.7,2.07,19.9,27.5,-0.39,1449,More developed,E_EU
CZ03,Jihozapad,608.2,619.7,1.89,14.15,19.29,36.33,15148.28333,19179.63,26.61,17.68,22.15333333,25.3,0.52,-0.28,1.22,35.4,16,-0.23,578,Transition,E_EU
CZ04,Severozapad,557.4,551.1,-1.13,12.9,17.03,32.02,12905.77333,15697.23667,21.63,16.55333333,19.05,15.08,0.59,0.07,0.31,37.2,10.9,-0.83,493,Less developed,E_EU
CZ05,Severovychod,737.3,754.8,2.37,13.92,18.83,35.27,14210.89333,18685.54,31.49,17.49,22.11666667,26.45,0.36,-0.71,1.23,38.6,15.5,-0.18,681,Less developed,E_EU
CZ06,Jihovychod,826.4,857.1,3.71,15.36,20.17,31.32,15752.53667,20525.69333,30.3,18.76333333,22.64,20.66,0.31,-0.64,2.01,31.2,20.5,-0.21,779,Transition,E_EU
CZ07,Stredni Morava,595.8,602.9,1.19,13.72,18.44,34.4,13879.92667,18519.99333,33.43,17.69666667,21.6,22.06,0.35,-0.96,1.19,38.1,16.2,-0.31,534,Less developed,E_EU
CZ08,Moravskoslezsko,596.2,601.8,0.94,14.85,18.79,26.53,14644.55333,17866.27,22,19.56666667,21.84666667,11.65,0.52,0.11,0.99,40.6,16,-0.41,529,Less developed,E_EU
DE_C,Berlin +,3048,3261.8,7.01,33.52,42.51,26.82,28271.29667,34574.2,22.29,39.29666667,47.97833333,22.09,0.47,-0.37,2.45,14.7,34.1,0.72,2788.67,More developed,NW_EU
DE11,Stuttgart,2031.9,2319.9,14.17,42.97,53.2,23.81,43752.73667,50889.15667,16.31,54.46333333,61.83666667,13.54,0.54,-0.15,6.01,36.7,30.4,0.99,2221.48,More developed,NW_EU
DE12,Karlsruhe,1379.3,1541.8,11.78,39.48,48.01,21.61,38409.31333,43571.41667,13.44,49.39333333,56.14333333,13.67,0.64,0,4.38,29.2,29.7,0.99,1473.42,More developed,NW_EU
DE13,Freiburg,1151.8,1242.8,7.9,35.36,43.05,21.75,32694.27667,37865.18333,15.82,44.06666667,50.34666667,14.25,0.6,-0.07,2.66,32.7,27.9,0.99,1140.65,More developed,NW_EU
DE14,Tubingen,942.2,1030,9.32,37.41,45.64,22,36372.51,43137.23333,18.6,47.20666667,55.31333333,17.17,0.46,-0.3,4.55,36,29.7,0.99,967.26,More developed,NW_EU
DE21,Oberbayern,2328.8,2650.7,13.82,43.95,54.3,23.55,48667.65333,57796.21333,18.76,57.58666667,66.05666667,14.71,0.49,-0.19,4.3,24.1,35.5,1.07,2530.34,More developed,NW_EU
DE22,Niederbayern,632.5,683.9,8.13,34.07,42.11,23.6,33585.7,38282.16333,13.98,44.60666667,50.39666667,12.98,0.49,-0.27,1.38,33.2,21.4,1.07,621.98,More developed,NW_EU
DE23,Oberpfalz,567,603.7,6.47,35.56,43.84,23.28,34638.6,41487.71,19.77,44.78666667,51.11666667,14.13,0.39,-0.38,2.47,33.2,23.6,1.07,584.36,More developed,NW_EU
DE24,Oberfranken,553.9,587.7,6.1,34.5,42.53,23.28,30812.50667,37280.03667,20.99,41.03333333,48.91333333,19.2,0.45,-0.29,1.81,29.1,23.6,1.07,563.96,More developed,NW_EU
DE25,Mittelfranken,900.8,935,3.8,39.37,47.94,21.77,37026.44333,44325.55667,19.71,45.66,53.99666667,18.26,0.46,-0.27,3.39,28,27.6,1.07,960.21,More developed,NW_EU
DE26,Unterfranken,681.3,726.3,6.61,35.23,43.32,22.96,34403.98,39676.54,15.33,45.93666667,52,13.2,0.54,-0.2,2.33,28.8,25.9,1.07,698,More developed,NW_EU
DE27,Schwaben,931.2,1042.3,11.93,35.96,44.06,22.53,33272.23333,38908.90333,16.94,44.22333333,51.33666667,16.09,0.58,-0.12,1.37,32.1,24.9,1.07,943.05,More developed,NW_EU
DE50,Bremen,321.9,350.4,8.85,38.16,46.43,21.67,42142.53,46006.86,9.17,48.27666667,53.26,10.32,0.63,0.23,2.7,23.8,25.6,0.84,409.1,More developed,NW_EU
DE60,Hamburg,903.1,1016.7,12.58,43.23,53.44,23.62,55872.69333,63873.75667,14.32,56.55333333,64.82666667,14.63,0.65,0.28,2.07,13.8,31.5,0.99,1156.79,More developed,NW_EU
DE71,Darmstadt,1953.1,2149.9,10.08,44.4,53.16,19.73,45769.40667,50184.53333,9.65,56.46333333,61.87333333,9.58,0.73,0.31,3.17,18.3,30.8,0.91,2102.02,More developed,NW_EU
DE72,Giessen,524.5,535.7,2.14,36.79,43.94,19.43,29203.12333,33861.53,15.95,43.71333333,50.41333333,15.33,0.56,-0.02,2.27,27.5,26.6,0.91,495.42,More developed,NW_EU
DE73,Kassel,615.6,638,3.64,37.46,45.17,20.58,30841.43,35924.85333,16.48,42.48333333,49.20666667,15.83,0.63,-0.03,1.54,25.6,23.8,0.91,622.17,More developed,NW_EU
DE80,Mecklenburg-Vorpommern,847.5,792.5,-6.49,28.4,36.87,29.82,22593.99667,27783.39333,22.97,32.69,41.19,26,0.48,-0.31,1.71,15,26.5,1.02,737.4,Transition,NW_EU
DE91,Braunschweig,787.4,810.2,2.9,37.94,48.74,28.47,38806.99667,48586.11,25.2,55.89666667,68.10333333,21.84,0.37,-0.64,7.03,37,24.4,1.09,778.18,More developed,NW_EU
DE92,Hannover,1044.5,1116.2,6.86,35.82,43.89,22.53,33077.75,37755.22,14.14,46.01,51.69333333,12.35,0.62,0.02,2.26,22.3,25.3,1.09,1065.08,More developed,NW_EU
DE93,Luneburg,842.8,884.4,4.94,30.68,37.63,22.65,22932.39333,27644.42,20.55,38.54,45.76666667,18.75,0.59,0.01,0.88,18.9,21.7,1.09,702.08,Transition,NW_EU
DE94,Weser-Ems,1217.4,1335.8,9.73,31,37.97,22.48,29556.92333,34657.12333,17.26,40.82,46.29666667,13.42,0.53,-0.13,0.77,25.2,20.8,1.09,1257.79,More developed,NW_EU
DEA1,Dusseldorf,2500,2601.2,4.05,38.6,46.93,21.58,36136.08,40181.13333,11.19,49.62,54.59333333,10.02,0.65,0.09,1.81,23,23.7,0.8,2638.15,More developed,NW_EU
DEA2,Koln,2112.7,2297.2,8.73,38.06,46.55,22.31,35508.14,41179.64667,15.97,49.00333333,55.58,13.42,0.62,0.19,2.88,20,28.2,0.8,2227.33,More developed,NW_EU
DEA3,Munster,1257.6,1373.7,9.23,33.62,40.55,20.61,28777.91,32855.37,14.17,44.19333333,48.76666667,10.35,0.52,-0.1,1.08,24.2,22.6,0.8,1224.48,More developed,NW_EU
DEA4,Detmold,1000.5,1055.5,5.5,34.37,41.85,21.76,31442.48333,37382.07333,18.89,43.83333333,49.83666667,13.7,0.58,-0.03,1.76,30.7,21.7,0.8,1044.8,More developed,NW_EU
DEA5,Arnsberg,1736.2,1808,4.14,34.95,42.73,22.26,29677.01,34025.84,14.65,43.5,48.53333333,11.57,0.59,-0.08,1.61,30.7,20.8,0.8,1774.02,More developed,NW_EU
DEB1,Koblenz,744.7,782.4,5.06,32.2,39.73,23.39,27440.67667,32733.87667,19.29,41.02,47.87,16.7,0.55,-0.07,0.73,25.5,22.1,1.07,714.95,More developed,NW_EU
DEB2,Trier,269.8,293.3,8.71,30.31,37.98,25.31,25873.37333,29662.41333,14.64,38.11,45.38,19.08,0.59,0.02,1.58,26.8,25.6,1.07,255.59,Transition,NW_EU
DEB3,Rheinhessen-Pfalz,1007.6,1074,6.59,36.74,44.28,20.52,32056.29,36037.42,12.42,47.74666667,54.00666667,13.11,0.54,-0.05,3.22,32,27,1.07,954.54,More developed,NW_EU
DEC0,Saarland,473.9,496.5,4.77,34.93,41.34,18.35,32025.17,34372.31667,7.33,43.97666667,47.58333333,8.2,0.6,0.06,1.45,30,20.9,1.03,525.17,More developed,NW_EU
DED2,Dresden,822.3,812.2,-1.23,30.14,38.94,29.2,24752.24333,30821.52333,24.52,34.02666667,42.49333333,24.88,0.41,-0.56,3.98,24.5,32.8,0.92,772.1,Transition,NW_EU
DED4,Chemnitz,758.7,707,-6.81,28.44,36.65,28.87,23220.92333,27919.34,20.23,32.63,39.96333333,22.47,0.39,-0.37,1.87,27.1,27.5,0.92,707.57,Transition,NW_EU
DED5,Leipzig,518.7,546.2,5.3,30.31,40.1,32.3,26647.37333,32401.39333,21.59,35.16666667,44.24,25.8,0.38,-0.63,2.09,17.8,33.9,0.92,495.07,More developed,NW_EU
DEE0,Sachsen-Anhalt,1198.1,1076.4,-10.16,28.66,37.05,29.27,22822.47667,27692.84667,21.34,33.94,42.44,25.04,0.43,-0.39,1.39,25,24.1,0.69,1022,Transition,NW_EU
DEF0,Schleswig-Holstein,1407.9,1509.3,7.2,32.17,39.28,22.1,27237.60667,32374.57667,18.86,40.56333333,47.71333333,17.63,0.66,0.14,1.41,19.6,23.3,1.17,1320.55,More developed,NW_EU
DEG0,Thüringen,1169.7,1082.7,-7.44,28.71,37.25,29.75,23276.46,28204.29333,21.17,31.92666667,40.62666667,27.25,0.41,-0.52,2.15,26.3,28.3,0.96,1049.37,Transition,NW_EU
DK01,Hovedstaden,930.3,1009,8.46,55.11,62.57,13.54,51269.13,62527.69667,21.96,62.00333333,75.73666667,22.15,0.41,-0.22,4.86,13.9,46.1,1.44,979,More developed,NW_EU
DK02,Sjaelland,408.7,411.5,0.69,46.1,51.59,11.91,28267.08,33425.68333,18.25,50.05666667,61.71666667,23.29,0.58,0.08,1.25,17.3,28.2,1.39,322,Transition,NW_EU
DK03,Syddanmark,606,612.5,1.07,46.78,53.3,13.94,37314.79333,42817.38,14.75,54.42666667,63.41666667,16.52,0.58,0,1.58,20.7,28.9,1.55,570,More developed,NW_EU
DK04,Midtjylland,652.5,696.6,6.76,47.45,53.61,12.98,37477.61333,44017.11667,17.45,52.86333333,63.35666667,19.85,0.59,-0.04,2.46,18.7,33.5,1.73,630,More developed,NW_EU
DK05,Nordjylland,286.1,300.1,4.89,45.72,52.05,13.85,34582.83,39778.35,15.02,50.27666667,59.68666667,18.72,0.67,0.1,1.5,18.5,28.8,1.56,277,More developed,NW_EU
EE00,Eesti,688,693.5,0.8,13.99,23.07,64.9,15001.31333,21643.31333,44.28,17.76666667,24.62,38.57,0.36,-0.93,1.42,20.8,36.2,0.2,584,Transition,E_EU
EL30,Athens,1878.6,1736.4,-7.57,25.82,19.8,-23.32,25626.29,24511.40333,-4.35,28.28333333,26.02666667,-7.98,0.46,0.37,1.26,10.3,33.1,-1.05,1725.03,Transition,S_EU
EL41,North Aegean,78.8,90.8,15.23,25.46,21.1,-17.12,14479,13911.17667,-3.92,17.40333333,14.48,-16.8,0.56,0.8,0.69,6.9,21.4,-0.96,73.98,Less developed,S_EU
EL42,South Aegean,154.2,154,-0.13,27.52,21.23,-22.86,21203.52333,20733.11,-2.22,19.99,17.65333333,-11.69,0.57,0.9,0.2,6.9,16.3,-0.99,140.07,Transition,S_EU
EL43,Crete,294.8,286.3,-2.88,21.64,17.73,-18.07,15411.93333,15689.25,1.8,16.22,15.60666667,-3.78,0.69,0.79,1.41,8.9,22.6,-0.97,272.38,Less developed,S_EU
EL51,Eastern Macedonia and Thrace,258.4,256,-0.93,25.16,18.87,-25,13226.43,13018.71667,-1.57,17.21333333,15.43333333,-10.34,0.62,0.56,0.69,16,20,-1.02,229.26,Less developed,S_EU
EL52,Central Macedonia,810.2,799.7,-1.3,22.35,18.42,-17.58,14637.69,14700.85333,0.43,18.99,17.54333333,-7.62,0.56,0.34,0.97,14.8,26.6,-1.1,727.82,Less developed,S_EU
EL53,Western Macedonia,117.7,115.4,-1.95,32.6,21.7,-33.44,19048.80333,16052.22667,-15.73,26.95666667,21,-22.1,0.67,1.83,0.38,43.4,20.4,-1.08,100.67,Less developed,S_EU
EL54,Epirus,144.9,134.8,-6.97,22.84,18.03,-21.06,13498.24,13326.29,-1.27,16.43333333,15.70333333,-4.44,0.61,0.74,1.19,10.8,24.2,-1.03,132.25,Less developed,S_EU
EL61,Thessaly,321.6,310.8,-3.36,22.6,19.61,-13.23,13270.27,14351.67333,8.15,16.51333333,16.72,1.25,0.57,0.36,0.71,15.4,24.7,-1.1,296.74,Less developed,S_EU
EL62,Ionian Islands,94.7,88,-7.07,25.41,21.38,-15.86,16403.58333,16853.04,2.74,18.06,16.52333333,-8.51,0.55,0.94,0.33,4.4,16.6,-1.19,88.83,Less developed,S_EU
EL63,Western Greece,289.8,282.9,-2.38,22.78,18.38,-19.32,13817.20667,13255.63333,-4.06,16.20666667,15.53333333,-4.15,0.54,0.42,1.17,12.4,20.4,-1.2,267.96,Less developed,S_EU
EL64,Central Greece,244.4,234.5,-4.05,26.12,21,-19.6,17221.04667,17935.06667,4.15,20.36333333,20.00666667,-1.75,0.59,0.43,0.49,33.3,18,-1.17,218.43,Less developed,S_EU
EL65,Peloponnese,248.2,240.2,-3.22,24.59,19.11,-22.29,15387.81667,16327.29667,6.11,17.41333333,17.49333333,0.46,0.54,0.45,0.45,21,18.7,-1.08,231.74,Less developed,S_EU
ES11,Galicia,1316.6,1241.1,-5.73,28.83,31.09,7.84,20420.40667,24078.41667,17.91,30.01,34.67,15.53,0.37,-0.43,0.93,19.2,32.2,-0.14,1082.3,Transition,S_EU
ES12,Principado de Asturias,488.7,451.1,-7.69,31.82,32.97,3.61,21139.06333,23534.76,11.33,32.42666667,35.77333333,10.32,0.5,-0.17,0.85,21.7,35.5,0.46,402.8,Transition,S_EU
ES13,Cantabria,283.5,271.8,-4.13,30.59,32.7,6.9,21621.57,24585.94667,13.71,32.88333333,37.01333333,12.56,0.6,0.01,0.87,21.2,36,0.31,226.7,Transition,S_EU
ES21,País Vasco,1091,1030.4,-5.55,35.51,37.51,5.63,29797.07333,34290.48667,15.08,38.84666667,44.03666667,13.36,0.48,-0.16,1.95,25.4,45.5,0.66,1012.7,More developed,S_EU
ES22,Comunidad Foral de Navarra,320.6,314.8,-1.81,34.42,35.55,3.28,28538.42667,32361.55333,13.4,36.43666667,41.18,13.02,0.58,0.11,1.83,29.9,40.8,0.45,294.7,More developed,S_EU
ES23,La Rioja,162,156.2,-3.58,29.94,31.27,4.44,25199.65,28343.6,12.48,33.50333333,37.05,10.59,0.63,0.13,0.87,27,34.5,0.46,135.5,Transition,S_EU
ES24,Aragon,663.7,653,-1.61,31.66,32.38,2.27,25157.35333,28894.42667,14.85,33.54333333,36.95333333,10.17,0.49,-0.05,0.92,22.2,34.7,0.12,583.6,More developed,S_EU
ES30,Comunidad de Madrid,3455.2,3467.2,0.35,35.47,37.8,6.57,31482.71333,36679.50333,16.51,37.51,41.85666667,11.59,0.51,-0.1,1.79,10.8,43.3,-0.02,3202.3,More developed,S_EU
ES41,Castilla y Leon,1196.6,1121.2,-6.3,29.96,31.47,5.04,21815.64,25136.67,15.22,32.43666667,35.58333333,9.7,0.49,-0.12,1.12,20.6,32.9,-0.05,996.5,Transition,S_EU
ES42,Castilla-La Mancha,1021.3,984.6,-3.59,29.5,30.19,2.34,18435.05667,21015.36333,14,30.55666667,33.86333333,10.82,0.51,-0.09,0.57,19.7,25.4,0.03,725.2,Less developed,S_EU
ES43,Extremadura,498.8,497.9,-0.18,27.78,28.67,3.2,16373.71,19433.25667,18.69,29.07,31.30333333,7.68,0.41,-0.45,0.7,13,24.1,0.29,360.7,Less developed,S_EU
ES51,Cataluna,3966.5,3867.1,-2.51,32.88,35,6.45,26973.28,31600.42,17.15,35.11333333,39.48333333,12.45,0.63,0.15,1.51,20.4,34.7,-0.37,3397.1,More developed,S_EU
ES52,Comunitat Valenciana ,2486.6,2430.2,-2.27,29.15,30.76,5.52,20210.08667,23366.32667,15.62,31.83333333,34.39666667,8.05,0.62,0.2,1.03,18.5,30.4,-0.03,1848.5,Transition,S_EU
ES53,Illes Balears,595.2,647,8.7,29.9,32.05,7.19,24638.03333,28443.47667,15.45,32.55666667,37.35,14.72,0.67,0.73,0.35,7,26.3,-0.03,478.2,Transition,S_EU
ES61,Andalucia,4004.4,3958.3,-1.15,28.58,29.31,2.55,17491.87,19776.92333,13.06,29.69333333,32.46333333,9.33,0.56,-0.01,0.99,12.1,27,-0.35,2854.3,Less developed,S_EU
ES62,Region de Murcia,725.5,719.4,-0.84,27.09,28.02,3.43,18876.53667,21891.54333,15.97,27.68666667,30.54,10.31,0.53,-0.03,0.87,17.8,27.1,0.14,574.7,Transition,S_EU
ES70,Canarias,1087,1139.4,4.82,29.19,29.73,1.85,19849.30667,21450.90667,8.07,31.16333333,33.02,5.96,0.72,0.72,0.55,7.5,27.2,-0.28,766,Transition,S_EU
FI19,Lansi-Suomi,662.4,670.6,1.24,41.05,45.11,9.89,32631.38,34815.84667,6.69,43.45666667,47.56333333,9.45,0.52,-0.12,3.18,28.3,37.4,1.52,625.22,Transition,NW_EU
FI1B,Helsinki-Uusimaa,842.5,913.2,8.39,47.77,51.84,8.52,47454.02333,52032.32333,9.65,55.34,59.14,6.87,0.65,0.23,3.75,17.7,49,1.53,827.34,More developed,NW_EU
FI1C,Etela-Suomi,560.8,550.8,-1.78,41.22,44.76,8.59,31400.84667,35158.67,11.97,43.09333333,48.98666667,13.68,0.63,0.2,2.17,27,36.7,1.45,513.27,Transition,NW_EU
FI1D,Pohjois- ja Ita-Suomi,601.5,599.6,-0.32,40.29,43.53,8.04,28878.30667,32905.33333,13.94,41.21,46.70666667,13.34,0.41,-0.24,3.08,23.4,35.4,1.51,549.66,Transition,NW_EU
FI20,Aland,15.2,15.5,1.97,44.62,48.41,8.49,42229.39667,41763.13667,-1.1,39.97333333,41.96333333,4.98,0.66,0.91,0.27,8.8,31.3,2.25,17.73,More developed,NW_EU
FR10,Ile-de-France,5671.8,5967.3,5.21,55.72,63.75,14.41,50495.13,59595.78,18.02,64.04,73.92666667,15.44,0.4,-0.18,2.9,9.3,43.3,0.46,6114.24,More developed,NW_EU
FRB0,Centre — Val de Loire,1124.6,1115.2,-0.84,38.85,42.17,8.55,25897.88,28435.24333,9.8,42.58666667,47.78333333,12.2,0.81,0.28,1.55,19.5,25.9,0.46,1001.69,Transition,NW_EU
FRC1,Bourgogne,722,703.5,-2.56,38.69,41.96,8.45,25804.42,28397.77333,10.05,41.59666667,46.66333333,12.18,0.72,0.24,0.98,17.2,25.1,0.49,650.44,Transition,NW_EU
FRC2,Franche-Comte,517.4,507,-2.01,39.19,41.91,6.94,24341.78667,25998.94333,6.81,41.92333333,45.84333333,9.35,0.81,0.44,2.54,23,25.3,0.44,441.62,Transition,NW_EU
FRD1,Basse-Normandie ,622.3,619.4,-0.47,38.01,42.09,10.73,25053.56333,26978.05,7.68,40.87666667,43.83666667,7.24,0.75,0.25,1.11,17.2,24.6,0.7,577.66,Transition,NW_EU
FRD2,Haute-Normandie ,819.8,798.9,-2.55,41.41,44.86,8.33,27358.21667,28967.37667,5.88,46.17,50.61666667,9.63,0.75,0.3,1.38,24,23.9,0.6,708.75,Transition,NW_EU
FRE1,Nord-Pas de Calais,1718.4,1664.4,-3.14,40.32,44.41,10.14,25033.01,28132.22667,12.38,43.49,48.76,12.12,0.55,-0.08,0.78,17.1,26.3,0.44,1521.42,Transition,NW_EU
FRE2,Picardie,857.4,826.2,-3.64,39.5,42.42,7.39,23551.72667,25595.92667,8.68,43.84333333,49.36666667,12.6,0.83,0.38,1.25,19.7,22.1,0.4,666.13,Transition,NW_EU
FRF1,Alsace,904.8,927.9,2.55,41.97,45.94,9.46,28665.95667,32069.86,11.87,45.28666667,51.40666667,13.51,0.74,0.27,1.65,21.4,30.3,0.47,762.57,Transition,NW_EU
FRF2,Champagne-Ardenne,581.5,537.3,-7.6,38.2,41.59,8.87,27397.56333,28967.62333,5.73,43.71333333,47.88,9.53,0.77,0.4,0.77,19.9,22.6,0.56,531.45,Transition,NW_EU
FRF3,Lorraine,1051.2,1005.1,-4.39,38.98,42.31,8.54,23286.58,25272.81667,8.53,42.41666667,47.57,12.15,0.79,0.39,1.2,18.9,25.4,0.5,841.89,Transition,NW_EU
FRG0,Pays de la Loire,1608.6,1676.1,4.2,39.24,43.13,9.91,27171.12,30830.6,13.47,41.73,46.97333333,12.56,0.65,0.09,1.09,18.5,28.5,0.7,1502.66,Transition,NW_EU
FRH0,Bretagne,1394.1,1460.2,4.74,38.04,41.89,10.12,25429.46333,29315.26333,15.28,40.24666667,46.39,15.26,0.59,0.08,1.76,15.2,31.4,0.98,1305.38,Transition,NW_EU
FRI1,Aquitaine,1430.8,1551,8.4,39.33,44.04,11.98,27435.85667,30413.51333,10.85,42.85666667,47.32,10.41,0.65,0.11,1.48,13.5,29.3,0.71,1334.97,Transition,NW_EU
FRI2,Limousin,320.6,305.2,-4.8,38.41,43.53,13.33,22738.22,26025.34,14.46,38.27666667,45.04666667,17.69,0.73,0.28,0.94,14.9,26.8,0.8,281.61,Transition,NW_EU
FRI3,Poitou-Charentes,777,787.4,1.34,37.33,41.08,10.05,24661.97,28044.41,13.72,40.37,46.34333333,14.8,0.69,0.13,0.84,16.2,24.6,0.64,692.83,Transition,NW_EU
FRJ1,Languedoc-Roussillon,1096.3,1138.9,3.89,38.93,43.1,10.71,23862.60667,25845.50667,8.31,42.64,46.48333333,9.01,0.7,0.12,2.38,9.1,29.3,0.63,970.55,Transition,NW_EU
FRJ2,Midi-Pyrenees,1335,1368.6,2.52,40.88,45.8,12.04,26983.01,31585.11667,17.06,41.93333333,48.45666667,15.56,0.51,0,4.37,15.8,36.3,0.73,1204.33,Transition,NW_EU
FRK1,Auvergne,593.6,594.4,0.13,38.81,42.85,10.41,24280.61,28057.18333,15.55,40.06333333,47.53333333,18.65,0.63,0.12,2.21,20.1,26.1,0.64,524.31,Transition,NW_EU
FRK2,Rhone-Alpes,2860.2,3093.2,8.15,42.73,47.27,10.62,31004.33333,34949.69,12.73,46.98333333,52.49333333,11.73,0.63,0.08,2.65,19.1,33.3,0.46,2700.35,More developed,NW_EU
FRL0,Provence-Alpes-Cote d’Azur,2146.1,2122.7,-1.09,41.58,46.25,11.23,28861.47667,32344.22667,12.07,45.91666667,50.67,10.35,0.6,-0.04,2.02,11.4,31.2,0.32,2019.57,Transition,NW_EU
FRM0,Corse,94.1,137.1,45.7,41.96,48.07,14.56,24666.15333,26989.17333,9.42,41.94,46.02,9.73,0.56,-0.09,0.28,6.7,24.3,0.26,118.94,Transition,NW_EU
HR_C,Zagreb +,796.68,781,-1.97,17.475,17.815,1.95,15951.17333,20694.15833,29.73,17.985,21.97,22.16,0.27,-0.66,1.69,20.7,29.7,-1.24,710.03,Less developed,E_EU
HR02,Panonska Hrvatska,494.62,442.6,-10.52,14.58,13.76,-5.62,8511.976667,10811.25667,27.01,13.20666667,15.72333333,19.06,0.67,0.51,0.23,22.5,15.9,-1.24,406.7,Less developed,E_EU
HR03,Jadranska Hrvatska,591,574.8,-2.74,17.22,17.32,0.58,11845.48,15483.51333,30.71,17.53,20.86,19,0.53,-0.06,0.4,17,22.2,-1.21,487.6,Less developed,E_EU
HU_C,Budapest +,1319.9,1499.3,13.59,12.66,13.91,9.87,19054.80333,24694.58333,29.6,20.23833333,22.11666667,9.28,0.53,-0.18,1.9,16.8,37.9,-1.13,1718.74,More developed,E_EU
HU21,Közép-Dunántúl,489,515.8,5.48,11.86,14.04,18.38,11243.16333,15847.58,40.95,17.13333333,20.17333333,17.74,0.45,-0.5,0.86,42.3,17.2,-0.75,400.7,Less developed,E_EU
HU22,Nyugat-Dunántúl,441.8,496.8,12.45,11.58,13.63,17.7,12922.7,16679,29.07,18.39666667,20.58333333,11.89,0.46,-0.27,0.59,40.6,18,-0.78,394.04,Less developed,E_EU
HU23,Dél-Dunántúl,374.6,391.8,4.59,11.4,13.06,14.56,8424.943333,11601.24667,37.7,15.80333333,18.73,18.52,0.46,-0.51,0.56,22.6,16.3,-0.75,284.77,Less developed,E_EU
HU31,Észak-Magyarország,469,504.1,7.48,11.71,13.76,17.51,7542.066667,11341.35667,50.37,15.37333333,18.85666667,22.66,0.44,-0.69,0.52,36.5,15.4,-0.97,332.66,Less developed,E_EU
HU32,Észak-Alföld,598.8,682.9,14.04,11.39,13.14,15.36,8170.766667,10965.27333,34.2,16.16666667,17.96333333,11.11,0.44,-0.54,0.95,26,16.3,-1.01,416.24,Less developed,E_EU
HU33,Dél-Alföld,531.9,581.2,9.27,11.39,13.28,16.59,8517.976667,12354.77667,45.04,15.07333333,18.37,21.87,0.37,-0.81,1.01,24,17.5,-0.76,400.42,Less developed,E_EU
IE04,Northern and Western,386.67,417.8,8.05,37.71,38.43,1.91,25337.98333,28902.26333,14.07,40.79,38.92666667,-4.57,0.59,0.43,1.43,29,39.8,0.78,308.65,Transition,NW_EU
IE05,Southern,754.27,778.5,3.21,40.34,46.72,15.82,36791.67333,82944.51,125.44,52.71,105.01,99.22,0.46,-1.78,1.51,49.9,40.6,0.86,610.96,More developed,NW_EU
IE06,Eastern and Midland,1089.86,1246.9,14.41,47.46,56.96,20.02,42765.09667,68740.22,60.74,60.75,79.47,30.81,0.42,-0.37,1.22,17.6,48.9,0.75,966.14,More developed,NW_EU
ITC1,Piemonte,1985.2,1980.9,-0.22,36.5,38.8,6.3,29532.06667,31569.86,6.9,38.77,41.96333333,8.24,0.63,0.3,1.97,23.6,15.1,-0.67,1890.5,More developed,S_EU
ITC2,Valle d’Aosta/Vallée d’Aoste,59.2,59.2,0,36.91,38.24,3.6,38677.49,38424.49667,-0.65,42.84666667,44.71666667,4.36,0.71,0.92,0.49,14.5,14.1,-0.07,62.7,More developed,S_EU
ITC3,Liguria,672.8,676.7,0.58,35.35,37.12,5.01,30496.25667,32338.4,6.04,40.3,42.75666667,6.1,0.63,0.27,1.34,14.1,18.3,-0.84,679.5,More developed,S_EU
ITC4,Lombardia,4420.1,4750.1,7.47,39.48,41.54,5.22,37296.85,39318.12,5.42,44.61666667,47.40666667,6.25,0.68,0.23,1.24,23.4,16.9,-0.65,4621.8,More developed,S_EU
ITF1,Abruzzo,545.7,560.9,2.79,33.29,33.75,1.38,24908.84333,25394.48333,1.95,33.43,36.61666667,9.53,0.69,0.29,0.95,21,16.8,-1.29,534.5,Transition,S_EU
ITF2,Molise,116.4,124.1,6.62,32.92,32.35,-1.73,21381.84667,21628.56333,1.15,32.49333333,33.77666667,3.95,0.66,0.46,0.67,14.7,16.1,-1.3,110.5,Less developed,S_EU
ITF3,Campania,1847.5,2060.1,11.51,30.82,31.82,3.24,18036.72333,19170.2,6.28,30.86333333,34.04666667,10.31,0.63,0.34,1.2,12.8,13.5,-1.91,1865.6,Less developed,S_EU
ITF4,Puglia,1423,1449.5,1.86,30.89,31.72,2.69,17875.15,19236.92667,7.62,29.13,31.37333333,7.7,0.62,0.16,0.78,13.8,12.5,-1.6,1367.7,Less developed,S_EU
ITF5,Basilicata,209.9,212.6,1.29,31.69,32.89,3.79,19940.46333,23209.08667,16.39,31.00666667,35.56,14.69,0.51,-0.08,0.58,24.1,13.8,-1.46,200.8,Less developed,S_EU
ITF6,Calabria,645.8,696.9,7.91,28.37,29.79,5.01,17045.46667,17321.30333,1.62,28.33666667,30.99666667,9.39,0.68,0.39,0.52,8.5,14.1,-1.91,663.4,Less developed,S_EU
ITG1,Sicilia,1676.8,1705.2,1.69,31.18,32.14,3.08,17812.29,18081.05,1.51,31.68666667,33.53,5.82,0.74,0.46,0.85,9.8,12.6,-1.58,1591.5,Less developed,S_EU
ITG2,Sardegna,681.8,692.1,1.51,31.11,31.84,2.35,20524.70667,21596.3,5.22,30.61333333,32.92,7.53,0.65,0.3,0.74,11.1,13.3,-1.27,608.6,Less developed,S_EU
ITH1,Provincia Autonoma di Bolzano/Bozen,246.5,267.3,8.44,39.18,42.53,8.55,41536.21,47687,14.81,40.62666667,47.15666667,16.07,0.59,0.1,0.6,16,13.8,0.18,279.6,More developed,S_EU
ITH2,Provincia Autonoma di Trento,238.4,252.6,5.96,37.53,37.63,0.27,36197.75667,39081.39,7.97,41.68333333,46.43666667,11.4,0.66,0.27,1.49,16.9,16.8,0.2,255,More developed,S_EU
ITH3,Veneto,2209,2296.6,3.97,35.09,37.6,7.15,30805.40667,33616.78333,9.13,37.99333333,41.08,8.12,0.67,0.25,1.08,26.3,14.8,-0.36,2209.4,More developed,S_EU
ITH4,Friuli-Venezia Giulia,532.5,544.8,2.31,36.84,38.91,5.62,29494.77333,32121.25667,8.9,37.59,41.74666667,11.06,0.6,0.18,1.48,23.4,15.9,-0.08,545.7,More developed,S_EU
ITH5,Emilia-Romagna,2041,2151.6,5.42,36.29,38.88,7.14,33606.32,36112.78667,7.46,39.18333333,43.43,10.84,0.66,0.22,1.64,26,18.6,-0.4,2087.7,More developed,S_EU
ITI1,Toscana,1642.2,1718.2,4.63,34.88,36.19,3.76,29760.92,32548.69333,9.37,38.11666667,41.64,9.24,0.65,0.27,1.3,21.4,17.1,-0.61,1637.1,More developed,S_EU
ITI2,Umbria,381.8,396.5,3.85,32.32,33.5,3.65,25585.18333,26162.95333,2.26,34.52333333,36.03333333,4.37,0.74,0.62,0.89,20.7,18.2,-0.78,374.1,Transition,S_EU
ITI3,Marche,677.8,696.4,2.74,32.2,34.33,6.61,26299.73,27988.21667,6.42,34.31333333,36.91,7.57,0.61,0.18,0.84,25.8,17.7,-0.82,666.9,Transition,S_EU
ITI4,Lazio,2405.6,2648.9,10.11,37.98,38.13,0.39,35200.87,34657.36333,-1.54,42.56333333,43.38,1.92,0.7,0.39,1.66,10,21.1,-1.34,2591,More developed,S_EU
LT01,Sostin?s regionas,431.4,462.9,7.3,13.14,20.07,52.74,18214.49667,28772.61333,57.97,19.73,22.87666667,15.95,0.34,-1.23,1.44,16.6,53.3,-0.44,391.16,More developed,E_EU
LT02,Vidurio ir vakar? Lietuvos regionas ,1050.2,1007.5,-4.07,9.85,17.41,76.75,10756.52667,16106.01333,49.73,14.62,20.00333333,36.82,0.44,-1.17,0.67,26.5,35.1,-0.51,863.93,Less developed,E_EU
LU00,Luxembourg,236.3,306.3,29.62,60.82,71.85,18.14,83615.68333,91902.35,9.91,77.16333333,82.36,6.73,0.62,0.21,1.36,7.6,35.9,1.23,369.63,More developed,NW_EU
LV00,Latvija,1028.2,971.3,-5.53,10.57,18.89,78.71,11385.65667,17388.40667,52.72,14.03333333,19.86666667,41.57,0.28,-1.42,0.59,15.9,28.2,-0.57,856.35,Less developed,E_EU
MT00,Malta,177.9,264.3,48.57,20.66,28.24,36.69,18885.32667,28759.39333,52.28,22.53666667,27.69666667,22.9,0.18,-1.5,0.59,12.1,19.6,0.02,168.61,Transition,S_EU
NL_C,Amsterdam +,1655.7,1810.3,9.34,43.555,49.115,12.77,38061.055,45122.89333,18.55,51.54333333,56.72166667,10.05,0.46,-0.2,1.51,9.9,38.4,1.08,1721.3,More developed,NW_EU
NL11,Groningen,299.6,303,1.13,38.79,44.02,13.48,43611.15333,40098.75333,-8.05,65.18333333,56.51333333,-13.3,0.67,0.66,1.81,40.5,32.5,1.26,282.1,More developed,NW_EU
NL12,Friesland (NL),326.6,342.3,4.81,35.96,41,14.02,27427.65,30173.94,10.01,41.52333333,43.42666667,4.58,0.54,0,0.79,21,26.6,1.35,308.6,Transition,NW_EU
NL13,Drenthe,240.6,249.3,3.62,37.41,41.47,10.85,27341.73667,29365.15,7.4,42.88333333,43.87666667,2.32,0.72,0.29,0.73,23.1,26.4,1.27,229.2,Transition,NW_EU
NL21,Overijssel,590.8,612.2,3.62,37.83,42.49,12.32,31542.96333,36343.75,15.22,43.69,47.23666667,8.12,0.46,-0.19,1.55,20.5,29.4,1.29,600.4,More developed,NW_EU
NL22,Gelderland,1043.4,1095.7,5.01,39.1,44.52,13.86,32187.98,36342.59667,12.91,44.41333333,48.06,8.21,0.58,-0.03,2.11,17.2,31.7,1.26,1043.9,More developed,NW_EU
NL31,Utrecht,669.9,727,8.52,47.9,53.41,11.5,45900.73,52986.53333,15.44,55.77,59.73666667,7.11,0.59,0.05,1.85,7.9,44,1.1,729.5,More developed,NW_EU
NL33,Zuid-Holland,1845.8,1983.4,7.45,45.39,50.68,11.65,39001.83667,42267.29,8.37,51.71666667,54.38,5.15,0.62,0.18,1.68,13.3,33.8,1.13,1827.7,More developed,NW_EU
NL34,Zeeland,188.2,197.1,4.73,38.7,44.14,14.06,30260.76333,34156.39333,12.87,44.57,47.86,7.38,0.4,-0.41,0.61,24.6,24.5,1.08,183.3,More developed,NW_EU
NL41,Noord-Brabant,1301.7,1395,7.17,41.18,46.97,14.06,37290.34333,43919.75333,17.78,47.60333333,52.58333333,10.46,0.39,-0.19,2.63,21.6,31.6,1.12,1360.4,More developed,NW_EU
NL42,Limburg (NL),563.4,580.8,3.09,39.5,43.99,11.37,32238.03333,38126.36667,18.27,44.71,49.98666667,11.8,0.38,-0.27,1.92,22.2,27.1,1.12,566,More developed,NW_EU
PL21,Malopolskie,1422.2,1486.9,4.55,11.3,16.69,47.7,10991.67333,15387.33,39.99,13.81,18.16666667,31.55,0.34,-0.92,1.43,22.4,25.7,-0.59,1324.5,Less developed,E_EU
PL22,Slaskie,2095.3,1911.5,-8.77,12.41,16.55,33.36,13093.73333,17314.07667,32.23,15.92,21.03333333,32.12,0.42,-0.68,0.56,34.3,22.7,-0.71,1824.7,Less developed,E_EU
PL41,Wielkopolskie,1491.5,1644.7,10.27,11.35,15.85,39.65,12896.49667,18232.66333,41.38,14.46666667,19.58,35.35,0.36,-0.91,0.64,28.5,21.6,-0.63,1460.8,Transition,E_EU
PL42,Zachodniopomorskie,619.7,716.8,15.67,9.93,13.15,32.43,10451.06667,14095.74667,34.87,13.89,17.26333333,24.29,0.47,-0.38,0.34,20.8,22.7,-0.62,613.6,Less developed,E_EU
PL43,Lubuskie,464.2,435,-6.29,9.38,13.03,38.91,10298.14667,13661.46667,32.66,12.57666667,16.85,33.98,0.49,-0.5,0.22,31.7,19.6,-0.59,397.2,Less developed,E_EU
PL51,Dolnoslaskie,1226.5,1300.4,6.03,12.53,17.46,39.35,13995.29667,18487.64667,32.1,17.40333333,21.28,22.28,0.39,-0.99,0.72,33.1,24.3,-0.71,1109.7,Transition,E_EU
PL52,Opolskie,396.2,403.7,1.89,10.44,14.05,34.58,10417.48333,13736.26667,31.86,13.73333333,17.33333333,26.21,0.43,-0.6,0.3,30.7,20.2,-0.5,366.7,Less developed,E_EU
PL61,Kujawsko-pomorskie,855.8,907.8,6.08,9.94,13.18,32.6,10106.11333,13402.58667,32.62,12.66666667,15.87333333,25.32,0.46,-0.54,0.44,27.3,19.3,-0.44,809.7,Less developed,E_EU
PL62,Warminsko-mazurskie,576.5,577.4,0.16,9.1,12.03,32.2,8977.876667,11601.76667,29.23,11.63,14.45666667,24.3,0.46,-0.44,0.43,25.3,19.5,-0.6,527.3,Less developed,E_EU
PL63,Pomorskie,870.8,1060,21.73,10.82,15.6,44.18,11838.70333,16397.38333,38.51,14.18333333,18.72333333,32.01,0.46,-0.68,0.94,25.3,25.4,-0.44,888.1,Less developed,E_EU
PL71,Lódzkie,1355.4,1131,-16.56,9.89,14.35,45.1,11362.35667,15728.78333,38.43,12.95666667,17.59333333,35.79,0.38,-0.89,0.7,29.3,22.6,-0.6,1089.2,Less developed,E_EU
PL72,Swietokrzyskie,690.9,537.1,-22.26,9.88,12.37,25.2,9407.483333,12024.09,27.81,11.47666667,14.38,25.3,0.47,-0.36,0.33,25.9,22.8,-0.71,513.1,Less developed,E_EU
PL81,Lubelskie,1080.3,912.4,-15.54,9.64,12.41,28.73,8612.583333,11466.52,33.14,10.69,14.38333333,34.55,0.48,-0.6,0.76,20.5,23.5,-0.73,881.1,Less developed,E_EU
PL82,Podkarpackie,941,876.9,-6.81,9.99,12.79,28.03,8786.983333,12032.58333,36.94,12.04333333,15.75,30.78,0.46,-0.7,0.84,29,22.1,-0.7,809.3,Less developed,E_EU
PL84,Podlaskie,523.4,498,-4.85,9.9,13.63,37.68,9139.923333,12311.70333,34.7,10.93666667,14.17666667,29.63,0.44,-0.68,0.47,21.1,24.8,-0.62,467.5,Less developed,E_EU
PL91,Warszawski stoleczny,1446.94,1547,6.92,20,28.77,43.85,26558.27,36972.19,39.21,25.29333333,33.97,34.3,0.38,-0.78,1.43,12.8,54.3,-0.84,1486.6,More developed,E_EU
PL92,Mazowiecki regionalny,1163.96,1071.6,-7.93,10.22,13.47,31.8,10544.38667,14477.24333,37.3,13.47,18.11,34.45,0.44,-0.97,1.84,31.9,23.5,-0.72,888.2,Less developed,E_EU
PT11,Norte,1924.1,1837.9,-4.48,17.92,20.48,14.29,14582.3,18394.42333,26.14,17.96333333,20.93666667,16.55,0.51,-0.23,1.28,25.4,16.1,-0.12,1613.56,Less developed,S_EU
PT15,Algarve,234.7,227,-3.28,18.34,20.56,12.1,17807,22857.98333,28.37,20.65333333,23.39333333,13.27,0.6,0.3,0.36,5.5,17.6,0.02,203.15,Transition,S_EU
PT16,Centro (PT),1218.5,1148.5,-5.74,18.5,21.08,13.95,15166.43,18677.33667,23.15,18.61666667,22.1,18.71,0.52,-0.05,1.15,24.3,17.1,0.05,1028.61,Less developed,S_EU
PT17,Área Metropolitana de Lisboa,1422.7,1433,0.72,25.04,27.21,8.67,25357.48,28077.99333,10.73,27.37666667,28.28,3.3,0.7,0.29,1.66,9.9,27,0.07,1365.29,More developed,S_EU
PT18,Alentejo,369.9,343.2,-7.22,18.64,20.67,10.89,16576.59,19536.50667,17.86,21.10333333,23.24666667,10.16,0.62,0.11,0.59,21.5,15,0.42,324.76,Less developed,S_EU
PT20,Região Autónoma dos Açores,120,123.4,2.83,19.85,21,5.79,15888.50333,19164.69667,20.62,19.60333333,22.21,13.3,0.47,-0.61,0.39,7.9,11.8,0.24,112.5,Less developed,S_EU
PT30,Região Autónoma da Madeira,136.4,138.6,1.61,20.3,21.81,7.44,18278.10333,21664.81333,18.53,20.74,23.55666667,13.58,0.52,-0.3,0.35,7,15.4,0.06,125.88,Less developed,S_EU
RO11,Nord-Vest,1181,1208.8,2.35,5.96,11.45,92.11,7866.386667,13516.97667,71.83,9.79,16.14333333,64.9,0.35,-1.55,0.29,29,14,-1.52,1121.68,Less developed,E_EU
RO12,Centru,969.7,971.8,0.22,6.64,12.58,89.46,8941.726667,13605.52333,52.16,12.85,18.5,43.97,0.48,-0.64,0.24,34.6,13.6,-1.24,863.14,Less developed,E_EU
RO21,Nord-Est,1589.9,1646.6,3.57,5.94,10.4,75.08,6040.046667,8714.263333,44.27,7.393333333,10.44,41.21,0.58,0.6,0.28,22.8,11.1,-1.73,1514.16,Less developed,E_EU
RO22,Sud-Est,1099.7,1029.5,-6.38,6.8,11.08,62.94,7991.06,11484.48667,43.72,11.01333333,15.89666667,44.34,0.46,-0.76,0.11,30.1,11,-1.86,991.63,Less developed,E_EU
RO31,Sud-Muntenia,1389.5,1349.2,-2.9,6.27,10.12,61.4,8052.243333,10570.33,31.27,12.28,14.90333333,21.36,0.62,0.2,0.36,37.6,10.6,-1.43,1175.65,Less developed,E_EU
RO32,Bucuresti-Ilfov,1137.6,1185.6,4.22,11.57,20.74,79.26,21505.32333,35347.49333,64.37,22.09333333,34.19,54.75,0.28,-3.12,1.05,17.9,32,-2.16,1146.57,More developed,E_EU
RO41,Sud-Vest Oltenia,1012.7,887.9,-12.32,7.65,10.78,40.92,7305.133333,10871.79,48.82,8.726666667,13.72333333,57.26,0.6,0.24,0.18,32,13.5,-1.54,950.92,Less developed,E_EU
RO42,Vest,807.4,754.4,-6.56,6.83,12.72,86.24,9739.33,15753.87333,61.76,12.21,20.04333333,64.16,0.36,-1.89,0.32,32.7,13.9,-1.56,759.01,Less developed,E_EU
SE11,Stockholm,1167.9,1357.1,16.2,48.78,52.86,8.36,56450.60333,61594.66333,9.11,62.49333333,70.40333333,12.66,0.47,0,3.68,11.5,45.5,1.46,1163,More developed,NW_EU
SE12,Östra Mellansverige,807.8,894.3,10.71,41.5,43.02,3.66,35010.34333,37019.68,5.74,47.73333333,49.46,3.62,0.55,-0.13,3.82,24,34,1.44,706,More developed,NW_EU
SE21,Småland med öarna,423.2,456.9,7.96,40.03,41.57,3.85,35033.23333,36893.72,5.31,43.38,46.09,6.25,0.62,-0.06,1.32,27.7,29.4,1.49,397,More developed,NW_EU
SE22,Sydsverige,731.3,788.8,7.86,42.21,44.05,4.36,34725.05,37678.21,8.5,46.25333333,51.15,10.59,0.55,-0.15,3.81,18.6,37.7,1.42,643,More developed,NW_EU
SE23,Västsverige,1008.7,1122.5,11.28,42.24,44.66,5.73,38809.66,42540.87,9.61,48.89333333,52.89666667,8.19,0.37,-0.38,4.43,23.9,35.8,1.43,919,More developed,NW_EU
SE31,Norra Mellansverige,426.2,437.8,2.72,41.24,42.34,2.67,32947.54,34973.50333,6.15,45.57666667,47.33,3.85,0.54,0.01,1.27,26.4,27.9,1.37,364,Transition,NW_EU
SE32,Mellersta Norrland,188.7,189.9,0.64,41.01,41.51,1.22,36143.30667,37264.22667,3.1,48.04666667,48.49,0.92,0.53,-0.1,0.74,21.9,30.3,1.35,170,More developed,NW_EU
SE33,Övre Norrland,263.7,260.6,-1.18,42.92,43.18,0.61,39257.95,41952.94,6.86,51.37,52.94,3.06,0.52,-0.36,2.45,28.7,33.8,1.45,238,More developed,NW_EU
SI03,Vzhodna Slovenija,545.6,536.1,-1.74,22.43,27.03,20.51,16085.02,20067.38333,24.76,22.98666667,27.73333333,20.65,0.52,-0.2,1.63,34.4,26.2,-0.17,459.34,Less developed,E_EU
SI04,Zahodna Slovenija,473.7,492.2,3.91,26.21,30.61,16.79,23293.71667,28881.97,23.99,27.54333333,32.49,17.96,0.44,-0.37,2.53,20.3,35.6,-0.04,487.89,More developed,E_EU
SK01,Bratislavský kraj,333.6,359.7,7.82,20.27,26.77,32.07,39036.14333,40550,3.88,30.72333333,35.58666667,15.83,0.48,-0.56,1.25,16.2,36.3,-0.79,424.38,More developed,E_EU
SK02,Západné Slovensko,929,927.5,-0.16,12.52,17.25,37.78,14540.40333,17223.77,18.45,19.51,22.43333333,14.98,0.41,-0.82,0.52,35.6,16.2,-0.74,752.94,Less developed,E_EU
SK03,Stredné Slovensko,667.6,677,1.41,12.59,17.28,37.25,12045.71333,15241.17,26.53,17.77666667,20.91,17.63,0.33,-0.83,0.52,25.2,17.5,-0.61,511.8,Less developed,E_EU
SK04,Východné Slovensko,750.1,777.1,3.6,12.3,16.56,34.63,10433.02667,13332.60667,27.79,18.5,22.04333333,19.15,0.37,-0.82,0.46,25.3,17.4,-0.76,519.2,Less developed,E_EU