"","GABRIEL.BORIC.FONT.GABRIEL.BORIC.FONT","JOSE.ANTONIO.KAST.RIST.GABRIEL.BORIC.FONT","YASNA.PROVOSTE.CAMPILLAY.GABRIEL.BORIC.FONT","SEBASTIAN.SICHEL.RAMIREZ.GABRIEL.BORIC.FONT","EDUARDO.ARTES.BRICHETTI.GABRIEL.BORIC.FONT","MARCO.ENRIQUEZ.OMINAMI.GUMUCIO.GABRIEL.BORIC.FONT","FRANCO.PARISI.FERNANDEZ.GABRIEL.BORIC.FONT","GABRIEL.BORIC.FONT.JOSE.ANTONIO.KAST.RIST","JOSE.ANTONIO.KAST.RIST.JOSE.ANTONIO.KAST.RIST","YASNA.PROVOSTE.CAMPILLAY.JOSE.ANTONIO.KAST.RIST","SEBASTIAN.SICHEL.RAMIREZ.JOSE.ANTONIO.KAST.RIST","EDUARDO.ARTES.BRICHETTI.JOSE.ANTONIO.KAST.RIST","MARCO.ENRIQUEZ.OMINAMI.GUMUCIO.JOSE.ANTONIO.KAST.RIST","FRANCO.PARISI.FERNANDEZ.JOSE.ANTONIO.KAST.RIST","commune"
"1",0.949741698154366,0.0208521295572532,0.68672356237985,0.264876690669753,0.963423055990021,0.985240736134761,0.540323522761357,0,0.978835533357818,0.301987619818256,0.71337498888126,0,0,0.448469729739397,"ALGARROBO"
"2",1,0.0791190191903425,0.832955097221334,0.288540986651412,0.981942927191478,1,0.571257825558555,0,0.920744339113994,0.16602231875103,0.693565054022371,0,0,0.424457047286434,"ALHUE"
"3",0.984204183860379,0.0636281384805192,0.667071588049141,0.25664494124039,0.940063608302074,0.996687054423546,0.491406283156564,0,0.93500584507164,0.32564184460215,0.722916918475913,0,0,0.488495232326232,"ALTO BIOBIO"
"4",1,0.0721018113656549,0.752322984887734,0.266276813004731,0.959988469148179,0.997986077425954,0.51334530133762,0,0.926892220107013,0.24687204199349,0.714400466448705,0,0,0.470104302545474,"ALTO DEL CARMEN"
"5",0.981200333047508,0.0457634901558441,0.736997324664892,0.254210214532241,0.968297737897732,0.989975115432269,0.478301816330182,0,0.95369237349958,0.25673867982833,0.727472915034623,0,0,0.512784052930633,"ALTO HOSPICIO"
"6",0.982451101811715,0.0677101208325162,0.753582437708646,0.270666455068886,0.968694308312628,0.997686503532004,0.544247445715174,0,0.931612555831682,0.241972671043123,0.710188033416586,0,0,0.445563610255401,"ANCUD"
"7",1,0.102705098427696,0.959501511166781,0.289515273254603,1,1,0.708336131833216,0,0.897294901572304,0.0404984888332193,0.695066832678669,0,0,0.291663868166784,"ANDACOLLO"
"8",0.950307005784912,0,0.578195413494591,0.198581921461536,0.962825549372406,0.977243133081253,0.371297812319319,0,1,0.412256643550611,0.781056678396253,0,0,0.600579222120704,"ANGOL"
"9",0.953454427176871,0.0171408668144203,0.650468395718031,0.246128537774208,NA,0.986982150105594,0.542200244276572,0,0.98116878370277,0.320323203898791,0.735839679970858,NA,0,0.449871139453055,"ANTARTICA"
"10",1,0.0770158289283539,0.778002651726532,0.266762470824956,0.978236220468045,1,0.617682872301568,0,0.922892622862371,0.219206007242703,0.716428790610388,0,0,0.382317127698432,"ANTOFAGASTA"
"11",0.972575217949262,0.0277167561146936,0.672565500686935,0.237227312506241,0.963869679699205,0.98936500364608,0.446519907415223,0,0.971860217119856,0.322578777769915,0.742458548378207,0,0,0.529657189453073,"ANTUCO"
"12",0.967315920237681,0.0287934863748767,0.69225032338887,0.24217837415031,0.961315849294738,0.988259801632091,0.450419031760334,0,0.970706696476937,0.30006496398086,0.738569855931001,0,0,0.529579738104265,"ARAUCO"
"13",0.977510389034535,0.0540134490563463,0.736882512405433,0.255463779352488,0.962893459047289,0.994601499646876,0.531424991808304,0,0.945261078079734,0.256210365227541,0.726400446885025,0,0,0.45991602279407,"ARICA"
"14",1,0.105160298549524,0.8581264087088,0.28224209636964,1,1,0.610350593322645,0,0.894839701450476,0.1418735912912,0.700845610606623,0,0,0.389649406677355,"AYSEN"
"15",0.979148886352882,0.0729021024223392,0.748119570209322,0.272983302710621,0.966929262297646,0.996789484839908,0.56690627835052,0,0.926341071317438,0.245469213577907,0.709334335004607,0,0,0.427807148273943,"BUIN"
"16",0.961801610538318,0.00440830359235908,0.625161534197155,0.219404392217791,0.969004016640978,0.984034102979991,0.472080556265349,0,0.995540576058897,0.370129429745849,0.758502503700138,0,0,0.505006777302453,"BULNES"
"17",1,0.0953602451250216,0.855834926768844,0.2828900052643,0.99697739406162,1,0.600191163247353,0,0.904639754874978,0.144165073231155,0.700077989780356,0,0,0.399808836752647,"CABILDO"
"18",0.919022043662157,0,0.460148116748487,0.20222170960627,0.928263802079614,0.979249920502041,0.383109677052439,0,1,0.509276159619882,0.776629688210058,0,0,0.587172540574327,"CABO DE HORNOS(EX-NAVARINO)"
"19",0.962727637040163,0,0.6343867937929,0.214363106921903,0.970154316157769,0.974427613917289,0.325890010023018,0,1,0.359152574782871,0.766053774612057,0,0,0.649933521337768,"CABRERO"
"20",0.988260880663285,0.0540257581561762,0.747500755748314,0.255042931501775,0.97025370660468,0.992766491697009,0.523800889976339,0,0.945423253798169,0.247169836525425,0.726894357409181,0,0,0.470493487906853,"CALAMA"
"21",0.963569466734619,0.0181498440830102,0.623092204530635,0.226690143203276,0.950593153766583,0.982846315481193,0.414026941622295,0,0.981557868665377,0.365062215843755,0.753028312387806,0,0,0.560424763393996,"CALBUCO"
"22",1,0.0996717779524523,0.905150682186694,0.278828340873296,0.997971220200521,1,0.629645959801748,0,0.900328222047548,0.0948493178133058,0.703671025907265,0,0,0.370354040198252,"CALDERA"
"23",1,0.0888362725011318,0.824429050712401,0.27891518283983,1,1,0.64019714124382,0,0.911163727498868,0.175570949287599,0.705874390101323,0,0,0.35980285875618,"CALERA"
"24",0.958864706457486,0.0431554782420963,0.718481900893115,0.285398144058557,0.963787431672685,0.989372914911374,0.551585855680269,0,0.956154901417889,0.272252319633383,0.694431142543629,0,0,0.439650982190248,"CALERA DE TANGO"
"25",1,0.0937575418525495,0.874736778850111,0.292554953435369,1,1,0.627317723865763,0,0.90624245814745,0.125263221149889,0.692671513356533,0,0,0.372682276134237,"CALLE LARGA"
"26",0.981134754852115,0.046531055881541,0.739991249041037,0.255313371174346,0.970127429318513,0.992563644128491,0.446106159478774,0,0.952894933338744,0.257093531718969,0.725775065402914,0,0,0.534774220688279,"CAMARONES"
"27",0.956639764630725,0,0.68289267748608,0.225834751661356,0.974926709422961,0.979331216210206,0.0997264032367854,0,1,0.311997150684671,0.755336071691716,0,0,0.894859539760044,"CAMIÑA"
"28",1,0.092341968783004,0.875037326847074,0.282048792799912,0.986307425611466,1,0.596734244528256,0,0.907658031216996,0.124607904492481,0.700274523506593,0,0,0.403265755471744,"CANELA"
"29",0.961272572584681,0.00965624309155769,0.593872137651126,0.231013227664991,0.957193009482908,0.986502686594324,0.463548223258409,0,0.990207399600344,0.400521051283133,0.747173846576668,0,0,0.512169958345815,"CARAHUE"
"30",0.991915583804824,0.0797368414644495,0.683349734567288,0.260854714782665,0.924126009779558,0.994947037869909,0.521126924240547,0,0.917948885008374,0.30552184592304,0.718375528359976,0,0,0.463924322694894,"CARTAGENA"
"31",0.970158029399736,0.0588602371502516,0.71036038866095,0.268632573636856,0.952642151011247,0.993310089046827,0.539404210809255,0,0.939985186639134,0.27988623569598,0.711327757296437,0,0,0.449299639547614,"CASABLANCA"
"32",0.992527966011144,0.0773098970553315,0.793741586486471,0.277319461074823,0.989093771790263,1,0.573004045669731,0,0.922690102944669,0.204550430904378,0.704998254703753,0,0,0.423032592761554,"CASTRO"
"33",1,0.0832278651323965,0.848651611405222,0.282842041412565,0.997855103072005,1,0.6271373445634,0,0.916772134867604,0.151348388594778,0.702028493834755,0,0,0.3728626554366,"CATEMU"
"34",0.951284954998532,0,0.536074234712477,0.1665717876493,0.962122066612326,0.972558412691904,0.43926889378696,0,1,0.456116489305077,0.813561148066481,0,0,0.533862701361223,"CAUQUENES"
"35",0.952729259953595,0.0145061061389111,0.627900557627353,0.241506649705131,0.943421374820692,0.989372361740196,0.462689319127978,0,0.985206431746761,0.360651464253484,0.737633518528137,0,0,0.513829947200579,"CAÑETE"
"36",1,0.087613212853361,0.757187287381027,0.286023868854467,0.969718835542106,0.998991572832816,0.566737100188288,0,0.911789751024629,0.237586236883422,0.696224220684684,0,0,0.427916786470594,"CERRILLOS"
"37",1,0.103934371421077,0.811464134362336,0.291176578989285,1,1,0.58315838792133,0,0.896065628578923,0.188535865637664,0.691680203437441,0,0,0.41535085008727,"CERRO NAVIA"
"38",0.958169075528234,0.0247192968605824,0.613758434165695,0.241153843293633,0.958571544917817,0.990335072309512,0.487743433722694,0,0.974784899789864,0.380956205633353,0.737031579744388,0,0,0.491237873753983,"CHAITEN"
"39",0.949077811173424,0,0.499289179396673,0.187522672607455,0.968234900562742,0.978002526965836,0.447327518876958,0,1,0.496574475114693,0.791564864974246,0,0,0.526183295440993,"CHANCO"
"40",1,0.100458547698833,0.961439130194474,0.282418974835147,0.995331315151861,1,0.666863978322653,0,0.899541452301167,0.0385608698055258,0.700470646487019,0,0,0.333136021677347,"CHAÑARAL"
"41",0.97243967732826,0.0408370841670803,0.714079162405135,0.255961547982521,0.965010141736673,0.989638780688336,0.52476166730273,0,0.958510963586838,0.281503647550696,0.722797158528152,0,0,0.460988942020198,"CHEPICA"
"42",0.984833257687424,0.0648075030607892,0.744874994649298,0.262382629184824,0.966283788358469,0.994988467878092,0.552281023161971,0,0.934465232709289,0.24926746440655,0.7194018212268,0,0,0.439650243588958,"CHIGUAYANTE"
"43",0.999866963453313,0.0986009975488413,0.814526010710627,0.288358616465376,0.982885440848389,1,0.561949269135217,0,0.901399002451159,0.184506226858389,0.69295544965094,0,0,0.431640136440082,"CHILE CHICO"
"44",0.960867198359113,0.0283001564125439,0.685038481859289,0.244175191382241,0.96134677748311,0.988701983577163,0.50711838243712,0,0.971223129918982,0.306786204803282,0.735195728766138,0,0,0.475971835927497,"CHILLAN"
"45",0.966720549485986,0.0289934617855684,0.644906582446365,0.230759064564968,0.954131832300498,0.984000076529615,0.460504900136985,0,0.970399652566647,0.346432845541986,0.74838592179509,0,0,0.516400743652725,"CHILLAN VIEJO"
"46",0.987443892429569,0.068187503413378,0.789045062374842,0.272295430284131,0.976935315014202,0.997447411037536,0.566559058216522,0,0.931485671721816,0.208740037437702,0.709947052123788,0,0,0.42809242721866,"CHIMBARONGO"
"47",0.968179557726777,0.0327425212430229,0.634469547265604,0.237835386353895,0.93736655982535,0.987482789265828,0.460270829457987,0,0.966517538340032,0.354515680340678,0.741372457042902,0,0,0.51633610458414,"CHOLCHOL"
"48",1,0.0925266237119262,0.855177674695602,0.28303891955649,1,1,0.600048799157732,0,0.907473376288074,0.144822325304398,0.699846417507216,0,0,0.399951200842268,"CHONCHI"
"49",0.968187897951588,0.064548367845835,0.726076750263496,0.266104331140287,0.951211200053744,0.997380865837705,0.533123614085449,0,0.934204440214656,0.266671591852497,0.714363754555271,0,0,0.454470541378778,"CISNES"
"50",0.95731304310835,0,0.590204780191878,0.204848982603084,0.968719000438423,0.982477569200964,0.464896960150622,0,1,0.404614671837535,0.773105064633981,0,0,0.511060306167988,"COBQUECURA"
"51",0.93776809875202,0,0.465943600637753,0.168752329095293,0.937653132765132,0.973432139806851,0.402168807291759,0,1,0.515872066478382,0.811452039894582,0,0,0.568322260074226,"COCHAMO"
"52",0.961507809675034,0.0369863401581664,0.676053091714246,0.257886148303262,0.962790542062394,0.993144172486864,0.519138392258625,0,0.962371059348717,0.318491144209481,0.719940526416846,0,0,0.46531051705746,"COCHRANE"
"53",1,0.0828072059169937,0.808737457342477,0.274655088073304,0.983934078821248,1,0.594241873223267,0,0.917192794083006,0.190167996757502,0.70867640266148,0,0,0.405758126776732,"CODEGUA"
"54",0.964752094296375,0.014534099366215,0.620456128127523,0.230720735093779,0.965334950377233,0.986600041459102,0.436161452596101,0,0.985250278042138,0.375189858026995,0.748018245331708,0,0,0.537335740938882,"COELEMU"
"55",0.953652107809302,0,0.425829245409736,0.147765560430446,0.948846361585566,0.967408075702907,0.352861197269564,0,1,0.564879147653112,0.834467531969375,0,0,0.616180256915559,"COIHUECO"
"56",0.972241335686263,0.046866396486283,0.698463645681928,0.247631931537607,0.958758512959132,0.984378591391979,0.527957463800773,0,0.952143309357595,0.292393185679956,0.732464864339704,0,0,0.45895444286492,"COINCO"
"57",0.983832503218273,0.0676003034016535,0.719608900346714,0.258157548987842,0.950557113017988,0.995530869020086,0.516379627066182,0,0.931089795253993,0.274782994725157,0.721948785277582,0,0,0.468246557194118,"COLBUN"
"58",0.971100141640345,0,0.727481441906452,0.252322080406507,0.977236315046711,0.988139068028832,0.0141873861474561,0,1,0.26656287252575,0.728951676512564,0,0,0.985449644639917,"COLCHANE"
"59",0.954513172168637,0.00153668889579486,0.734108788277414,0.265892439706561,0.980410498816841,0.97857598265276,0.569314503130436,0,0.998446797801522,0.259990350288287,0.716832621158082,0,0,0.425928265591199,"COLINA"
"60",0.954438694704742,0,0.647921625073605,0.230957759757865,0.968385318209583,0.983630054601073,0.438624782628732,0,1,0.344606179199479,0.748546890248666,0,0,0.536797596351928,"COLLIPULLI"
"61",0.986938046731115,0.0680213390203185,0.770755348155286,0.269613637635951,0.972722719405059,0.99643308478963,0.558194341714145,0,0.931481495992315,0.226003955730724,0.712209166328918,0,0,0.434683854681516,"COLTAUCO"
"62",1,0.091532103500058,0.863321395899142,0.279088259650473,0.981435681427149,1,0.586520935544965,0,0.908459947048087,0.136039287437584,0.702795683842268,0,0,0.412740463007999,"COMBARBALA"
"63",0.966550960790051,0.0449689845095281,0.705813141952921,0.258058111753954,0.957303543340414,0.991511024564449,0.533107881565122,0,0.954258466902671,0.284349475664529,0.722308425439455,0,0,0.454646478130956,"CONCEPCION"
"64",1,0.0943828528207166,0.766695141528755,0.288161651131775,0.976066027977665,1,0.561341875217802,0,0.905196078535797,0.229306746990865,0.693428316953636,0,0,0.432091117129918,"CONCHALI"
"65",0.95646361327713,0.0319117843598451,0.790677088460745,0.320372249389786,0.995631479570466,0.990765346318707,0.588807993329775,0,0.968088215640155,0.208014471812735,0.667452877719282,0,0,0.411192006670224,"CONCON"
"66",0.981068748342393,0.0489808573813802,0.71685079781492,0.247702799664956,0.963182207330812,0.991493041127218,0.495090766832079,0,0.950292847378514,0.278080775992397,0.732813844055214,0,0,0.487558398377329,"CONSTITUCION"
"67",0.951634947797435,0.0154566967778557,0.573173304351663,0.240444045566896,0.926750490258241,0.986877967864275,0.449053047290593,0,0.984060833587172,0.413616796550067,0.738420533205051,0,0,0.52522625014169,"CONTULMO"
"68",1,0.0833126791537627,0.825521003613382,0.27123463690502,0.981508240418976,1,0.583232189440634,0,0.916677328579627,0.173468479075552,0.710865236749068,0,0,0.414904426354012,"COPIAPO"
"69",1,0.084954764854786,0.825229003293527,0.279848168230628,1,1,0.62041943405136,0,0.915045235145214,0.174770996706473,0.704548853631857,0,0,0.37958056594864,"COQUIMBO"
"70",0.985035834178737,0.0701146959677198,0.743310410118937,0.25853281022896,0.959766331294128,0.997830754025661,0.526788950667777,0,0.928954333123504,0.250804513685207,0.723060533539229,0,0,0.462417948153449,"CORONEL"
"71",1,0.118336205197908,0.859354896075196,0.281608019460125,0.986464071523505,1,0.578530971614452,0,0.881663794802092,0.140595403385076,0.700025164033276,0,0,0.41894988021336,"CORRAL"
"72",0.977974163150962,0.0682467302046571,0.740099825838048,0.269666976857605,0.961207161560531,0.998120638531747,0.533134554127126,0,0.93080522562028,0.255068425479002,0.710496499933065,0,0,0.454278077205019,"COYHAIQUE"
"73",0.956356176515475,0,0.606396364332444,0.220734901678864,0.970310880818491,0.9826724651362,0.431694135836467,0,1,0.388781729533567,0.757806917476078,0,0,0.541402028334264,"CUNCO"
"74",0.947744479201774,0,0.55858191966098,0.21168441096004,0.960972864726017,0.978102435874748,0.424727862173071,0,1,0.432797010392314,0.766728936754702,0,0,0.547476934325296,"CURACAUTIN"
"75",0.983472511451317,0.0731321799439421,0.768147591449843,0.289612347126275,0.977211664986221,0.997679082467229,0.559625916389488,0,0.92644837991826,0.228123076080744,0.691795873195798,0,0,0.433418815593497,"CURACAVI"
"76",0.993723830482559,0.0732236404411887,0.769954115226624,0.267588903996139,0.95932524430173,0.999081891437506,0.52946250951334,0,0.925871136685365,0.227899442498377,0.713031204426698,0,0,0.4573760408494,"CURACO DE VELEZ"
"77",0.976064558792369,0.0568991966816156,0.696517213944069,0.254493679575265,0.947132551003585,0.994881272856916,0.472969667368111,0,0.941856869724382,0.295993736633653,0.726072326049,0,0,0.506534306668883,"CURANILAHUE"
"78",0.940679964314396,0,0.52605009371939,0.201387826572432,0.931468409619421,0.980101921572822,0.443588802167417,0,1,0.454679870700136,0.776962409629,0,0,0.530181883549288,"CURARREHUE"
"79",0.97933523756416,0.0505987792498598,0.725891698274342,0.268085742334639,0.964951932376547,0.994067107886091,0.529541084107659,0,0.948680606183712,0.270790673013379,0.710384563098445,0,0,0.456994745224293,"CUREPTO"
"80",0.977051691037337,0.0591252340741083,0.736609420544911,0.264823545927555,0.962813228481751,0.992552832142554,0.546734150405777,0,0.940048282043019,0.257190386316467,0.716229159568882,0,0,0.44370899000185,"CURICO"
"81",0.980003024420211,0.047131312697851,0.689359088933938,0.247374071646743,0.956152308937849,0.991685559944244,0.486461489754558,0,0.952091027351633,0.303773801879398,0.732506123811546,0,0,0.493921373728906,"DALCAHUE"
"82",1,0.0940968297329195,0.944125352780198,0.276746597584077,1,1,0.70500146299193,0,0.90590317026708,0.0558746472198017,0.705828653506509,0,0,0.29499853700807,"DIEGO DE ALMAGRO"
"83",0.999194724357277,0.0746317166456067,0.79953055602555,0.275191768861978,0.981664875884822,0.998759470155588,0.588671378024648,0,0.925336752004261,0.198867083370561,0.708252744904373,0,0,0.410665637142463,"DOÑIHUE"
"84",1,0.100041133217111,0.781663230528104,0.287295715104687,0.983033107772565,1,0.567231327036642,0,0.899957730940036,0.215911238164365,0.694759616891007,0,0,0.427541081691263,"EL BOSQUE"
"85",0.953977996451842,0,0.453141949757203,0.166347229180818,0.967192140003424,0.975229027987036,0.421873104461336,0,1,0.543078347091722,0.814324439064815,0,0,0.549222181880496,"EL CARMEN"
"86",1,0.0857358143850324,0.787362807419181,0.276841635224036,0.978542867950128,1,0.567322510649378,0,0.914093999182622,0.210380461941537,0.705278043508075,0,0,0.42746397194407,"EL MONTE"
"87",0.973271171553945,0.0510274470546401,0.645179670321334,0.248415418868011,0.928923466669969,0.984059376623271,0.517423566632093,0,0.947533498005665,0.337556245808103,0.730003998316377,0,0,0.466961426999085,"EL QUISCO"
"88",0.987431663191465,0.0700153390986413,0.636171943490025,0.253989601517432,0.90483362710566,0.988133893449625,0.51564890318899,0,0.927411460196061,0.346402408120737,0.724120001389803,0,0,0.468234705371108,"EL TABO"
"89",0.963861416984473,0,0.521455003189673,0.171767194768724,0.96870640965805,0.968281338300312,0.287314198516658,0,1,0.474013174850607,0.808983713481414,0,0,0.685664320207874,"EMPEDRADO"
"90",0.95943717234115,0.0949517323545111,0.656666694481975,0.275727361097134,0.831889301989863,1,0.534896602455472,0,0.897848003403768,0.318682761130099,0.703829649226652,0,0,0.45272467059428,"ERCILLA"
"91",1,0.0875369407701079,0.734864928211328,0.289425910613785,0.955524631645394,0.999943916673415,0.551081630683584,0,0.911244918323153,0.25741807532913,0.690762593900193,0,0,0.440043001217503,"ESTACION CENTRAL"
"92",0.961085432875006,0,0.504805107525653,0.188451664171545,0.955974938099705,0.971995094350755,0.375467348335912,0,1,0.487413387425283,0.79076244982552,0,0,0.594258201916324,"FLORIDA"
"93",0.95955589839846,0.00933516661245749,0.561925226446582,0.224765131015393,0.950280519261123,0.982700390237683,0.448337936893076,0,0.990529572111894,0.430390921555863,0.753459352406719,0,0,0.525623423811102,"FREIRE"
"94",1,0.0881949429357171,0.913996910388624,0.276937698808868,0.966258017875661,1,0.590822768406487,0,0.911164544773341,0.0854905974761441,0.704486957080854,0,0,0.409177231593513,"FREIRINA"
"95",0.968228347190803,0.0558661183329769,0.676234778505347,0.260087199279924,0.93857340362517,0.996494303638441,0.509158622019441,0,0.942564165609007,0.318484368097454,0.719040509155283,0,0,0.473456238522235,"FRESIA"
"96",0.965737344249978,0.0460050841767456,0.707141109227616,0.256070369208915,0.954999128922552,0.994717021050809,0.504118722421322,0,0.952999951273875,0.287038739981124,0.723870740121409,0,0,0.478395620748083,"FRUTILLAR"
"97",0.941784990913888,0,0.595903653250361,0.223162904829848,0.959934995339761,0.986552191881938,0.50498790891486,0,1,0.394733306816981,0.753673207295809,0,0,0.476828046682733,"FUTALEUFU"
"98",0.949912688884725,0,0.576508224540877,0.212089195949586,0.960177309106816,0.984148290867387,0.422035381219936,0,1,0.414881059987946,0.766501697488173,0,0,0.550372705539734,"FUTRONO"
"99",0.964573791731195,0.029601218332848,0.527175784502647,0.237598498046367,0.929908295561227,0.984430275326225,0.455795775677545,0,0.96963003026416,0.464590238916727,0.741175329978852,0,0,0.518722627633771,"GALVARINO"
"100",0.966004235923398,0,0.641630145463612,0.218795138912159,0.96356429309605,0.961297713898096,0.0657183806158463,0,1,0.350599776308314,0.762128792018818,0,0,0.930975130782905,"GENERAL LAGOS"
"101",0.953233143945726,0,0.607435090345926,0.205725201316235,0.970204941270468,0.983646059272277,0.45004886095467,0,1,0.387527331424322,0.77263280093372,0,0,0.524657413194845,"GORBEA"
"102",1,0.0891708984578331,0.830446311779025,0.284712371225127,1,1,0.608845131473951,0,0.910829101542167,0.169553688220975,0.69981600647648,0,0,0.391154868526049,"GRANEROS"
"103",0.989416833888875,0.104358175140853,0.848050423359163,0.287553319281922,1,1,0.590892552691895,0,0.895641824859147,0.151949576640837,0.695116097312753,0,0,0.409107447308105,"GUAITECAS"
"104",0.989431698361896,0.0618723709069951,0.752848603676996,0.254310386039873,0.966375653736314,0.993604716497993,0.550564198289572,0,0.93744159375732,0.242642663077058,0.727832796901552,0,0,0.44254614210811,"HIJUELAS"
"105",0.97221261077107,0.0337920022051955,0.650504927459028,0.237482352189129,0.952537981680233,0.988174334335296,0.449982453410866,0,0.965589555149396,0.341780744953799,0.741972475490305,0,0,0.525975866659093,"HUALAIHUE"
"106",0.99061930341512,0.0654940688898733,0.750718889818234,0.279057977421506,0.961785328476733,0.997355172028642,0.537322116965062,0,0.933651175755982,0.246866796629983,0.6996823209023,0,0,0.45080860350935,"HUALAÑE"
"107",0.989467680087512,0.0688280684534937,0.747868733407895,0.258319798250909,0.964392529716159,0.996621095976328,0.541880131995114,0,0.930395990188903,0.24683871811717,0.723450203127693,0,0,0.448975362342719,"HUALPEN"
"108",0.97704979619406,0.0434806184349851,0.653368412307894,0.233921035420386,0.946353286208334,0.98140415914834,0.436310606903731,0,0.955474702170019,0.335790693807344,0.746211167466753,0,0,0.540642055561908,"HUALQUI"
"109",0.958810935774524,0,0.676728118404796,0.232065877464884,0.972884362709834,0.975827181548562,0.246299806194873,0,1,0.316452470914757,0.749114839511375,0,0,0.738770995730488,"HUARA"
"110",1,0.0957947578472719,0.935694610727016,0.277712012208195,0.986414913427754,1,0.623748663604608,0,0.904205242152728,0.0640491515050381,0.70423127253398,0,0,0.376251336395392,"HUASCO"
"111",0.99455951210291,0.0722312869393877,0.762775834806213,0.302843245935716,0.977917363988611,0.993780002183945,0.563257549766492,0,0.92734462669923,0.23286033392481,0.679092814369461,0,0,0.43064086193374,"HUECHURABA"
"112",1,0.096833237853278,0.932488224725493,0.292992282707679,0.999999999999999,1,0.667991758515002,0,0.903166762146722,0.0675117752745072,0.69211765212004,0,0,0.332008241484998,"ILLAPEL"
"113",0.982102749977933,0.0648558991821582,0.686084006604399,0.281249503551547,0.935087132775442,0.991146656282722,0.543200480065406,0,0.933648730997002,0.298934902713948,0.697392452773291,0,0,0.44619162617911,"INDEPENDENCIA"
"114",0.96741514589758,0.0442558666675687,0.691795681245103,0.248098432500938,0.942838694103075,0.991031569028355,0.515582010955384,0,0.95467714786475,0.29394390816037,0.733395059162205,0,0,0.472328705666214,"IQUIQUE"
"115",0.991631907850067,0.0800649214853903,0.752272870164915,0.276835935459811,0.962186763927846,0.998826093139805,0.55014600486999,0,0.919054480428547,0.242835885973454,0.703992877460285,0,0,0.44082337505442,"ISLA DE MAIPO"
"116",1,0.116755975109037,0.934682342892099,0.328123337342989,1,1,0.62432907656219,0,0.883244024890963,0.0653176571079011,0.660645390120668,0,0,0.37567092343781,"ISLA DE PASCUA"
"117",1,0.0874496477440808,0.768323359142803,0.344937420256533,0.97244922739002,1,0.550392553052483,0,0.912016957021549,0.228042371834518,0.633492376333938,0,0,0.440738996575448,"JUAN FERNANDEZ"
"118",0.981937833401168,0.0638367912309898,0.693457622924757,0.279111516401557,0.941519564766746,0.990035510100277,0.543102619006098,0,0.934767758217365,0.293695131705135,0.699631493318763,0,0,0.44627070670266,"LA CISTERNA"
"119",0.974663487412965,0.0514497731501899,0.738558260509981,0.260377806040636,0.967470987212709,0.991387263958781,0.570965898967191,0,0.947919869455417,0.254306504101476,0.722346484025348,0,0,0.424731641369146,"LA CRUZ"
"120",0.958455423611635,0.0103184889546684,0.579339244746338,0.209835257253136,0.960977095656853,0.9796023999926,0.493122248313655,0,0.989545266627899,0.413612977512273,0.76751886288967,0,0,0.486675425179701,"LA ESTRELLA"
"121",0.99911376386002,0.0695049972976717,0.745817446548304,0.295953114227888,0.967503239521741,0.992843249028678,0.555663813302602,0,0.929796492297118,0.248265193713503,0.68456967132845,0,0,0.436493474531823,"LA FLORIDA"
"122",1,0.101892402558263,0.835500336046673,0.297245520659724,1,1,0.585999295787407,0,0.898107597441738,0.164499663953327,0.686002647548248,0,0,0.413261397503262,"LA GRANJA"
"123",1,0.0898892134381482,0.838396347007606,0.272468769241649,0.991172455352902,1,0.598087616749827,0,0.910110786561852,0.161315929586682,0.709728188893486,0,0,0.401912383250173,"LA HIGUERA"
"124",1,0.0724094901162984,0.786077581066686,0.272439004398932,0.976779002112986,0.998673568733169,0.5661659032165,0,0.927304455748466,0.211545284607135,0.709755166823093,0,0,0.428401171513711,"LA LIGUA"
"125",1,0.109139672290404,0.89102113484803,0.296442102864789,1,1,0.616183629873029,0,0.890860327709596,0.10897886515197,0.687840928786556,0,0,0.383816370126971,"LA PINTANA"
"126",0.943195533774872,0.0023844925802575,0.689190322165846,0.314363114688023,0.9717982328698,0.988272312278703,0.547898008821172,0,0.997589173321141,0.301549828486014,0.659070368160277,0,0,0.442662473741561,"LA REINA"
"127",0.994879031928425,0.0769627636002664,0.814316341840816,0.283962444327413,0.999999999999999,1,0.603775003860947,0,0.923037236399734,0.185683658159184,0.70053456645115,0,0,0.396224996139053,"LA SERENA"
"128",0.960702155455861,0.0227504124753474,0.669729048559855,0.241110798866062,0.960301154429843,0.989715757133744,0.484578825224189,0,0.976873837088446,0.323198871699756,0.738027251076018,0,0,0.494967426721296,"LA UNION"
"129",0.951991164218059,0,0.578337109118608,0.21612060335716,0.961856076046868,0.983965013776414,0.439128676375423,0,1,0.414149213360349,0.762168647513982,0,0,0.534281246803597,"LAGO RANCO"
"130",0.965723935842225,0.102526595793144,0.758685054717445,0.297649916483526,0.969158823768284,1,0.556034948719763,0,0.896902121684589,0.236141261460923,0.683043331298591,0,0,0.43624517401033,"LAGO VERDE"
"131",0.970800371680119,0.124367110289702,0.719844936409037,0.282908558074252,0.892303198096964,1,0.551818288460859,0,0.871558963211213,0.267409174203785,0.697857483194233,0,0,0.439471289975524,"LAGUNA BLANCA"
"132",0.96962580555202,0.0217090507094553,0.673800329896431,0.229403742249877,0.962327918516468,0.982491182773837,0.423772031914583,0,0.977955934477013,0.317740265581546,0.75125341801889,0,0,0.555208826047974,"LAJA"
"133",0.985622700585964,0.0617604024993193,0.679396330541977,0.248179848226399,0.93113014646311,0.984870167731935,0.523866316641855,0,0.936561413260599,0.306155631901984,0.732200252598627,0,0,0.462563031813218,"LAMPA"
"134",0.966253528729048,0.0519504959244706,0.69789953368237,0.256470019014769,0.950602437491926,0.995294402532822,0.501839497084784,0,0.946915540280385,0.294008329166037,0.723687721363208,0,0,0.480493155539774,"LANCO"
"135",0.984190261120562,0.0644765060894713,0.718741596833594,0.268297379617323,0.954133461901217,0.993819607268904,0.531860178294845,0,0.93438966213731,0.27585600252216,0.71053991593416,0,0,0.455180213727062,"LAS CABRAS"
"136",0.94175357728208,0,0.628773804802386,0.188914997859124,0.968153443099699,0.984560547031054,0.54560353175183,0,1,0.360446197159384,0.788318537264463,0,0,0.444470947616041,"LAS CONDES"
"137",0.956884651980612,0.0129062456917203,0.62541847142648,0.236366902663858,0.957050318912672,0.987513153423935,0.452421497894639,0,0.986880099130722,0.367338969931392,0.742485914752083,0,0,0.522726202478106,"LAUTARO"
"138",0.963078788615777,0.0433952903560835,0.608154109842151,0.246948864013398,0.926796698396521,0.989839636010385,0.439717044736313,0,0.95491815100854,0.379400699198429,0.732620247766119,0,0,0.534348422657318,"LEBU"
"139",0.992184238708562,0.0721445330578926,0.865710605462883,0.332205320341173,1,0.999207990628344,0.588648471137787,0,0.927855466942107,0.134289394537117,0.654787779264525,0,0,0.411351528862214,"LICANTEN"
"140",0.971339638389198,0.0579829189285881,0.730704454396691,0.268569651358169,0.963370874922865,0.993581274636345,0.56077558951621,0,0.941203311902009,0.260460907862132,0.713435201906568,0,0,0.43264694661489,"LIMACHE"
"141",0.960022847135181,0.0310066392329128,0.672097412104929,0.240101070846397,0.957339130741474,0.98663463060166,0.499607248547967,0,0.968354983260379,0.317553471964497,0.739416893809629,0,0,0.482564097708759,"LINARES"
"142",0.971965182886396,0.0456055765356151,0.674279653344922,0.25772313642583,0.954947501951721,0.991101830671329,0.523536649134438,0,0.953478024969158,0.320343797980016,0.719478061633815,0,0,0.46176137595656,"LITUECHE"
"143",1,0.0993273163160982,0.93185049816464,0.301467463538328,1,1,0.671765901842696,0,0.900672683683902,0.0681495018353599,0.685405119462368,0,0,0.328234098157304,"LLAILLAY"
"144",0.978954777134886,0.0768970986001265,0.741035190960947,0.26260394549805,0.949485394344667,1,0.524955144049422,0,0.921760122389294,0.253735786797765,0.718330095588595,0,0,0.461646391606225,"LLANQUIHUE"
"145",0.953595177482005,0,0.651207813711614,0.170529906996376,0.968212888543582,0.976915289821443,0.551113064423652,0,1,0.337823766907199,0.812874874631411,0,0,0.44008705092487,"LO BARNECHEA"
"146",1,0.112004830862508,0.877895345646008,0.300617311452189,1,1,0.608097314437534,0,0.887995169137492,0.122104654353991,0.68382253847227,0,0,0.391902685562466,"LO ESPEJO"
"147",1,0.097026029202399,0.791413997998649,0.291545807470212,0.990257266645002,1,0.569367728651783,0,0.902973970797601,0.207058691420383,0.690692837110743,0,0,0.425911684396516,"LO PRADO"
"148",0.967049953806669,0.0197626483380715,0.655417734977138,0.236911268795152,0.969638658013978,0.988728082578226,0.513551691428652,0,0.97997742928723,0.341447194430494,0.739741764580172,0,0,0.469825419087486,"LOLOL"
"149",0.967651974398527,0.0432226444378522,0.666799943873759,0.248069131293142,0.945086456339864,0.991862479954346,0.484626480826321,0,0.955653993398447,0.325566711402564,0.731219580189148,0,0,0.494678297358753,"LONCOCHE"
"150",0.950557304431231,0,0.58750087986946,0.207222812616975,0.969026158400941,0.979797649445007,0.439108928636421,0,1,0.4067816900728,0.771131789266854,0,0,0.534379583743155,"LONGAVI"
"151",0.956747269991154,0.00102746180457132,0.597146708469001,0.238188192986382,0.972467603063624,0.989314795783253,0.455555283776026,0,0.998961174320038,0.399966186384051,0.740456753450089,0,0,0.519123664958839,"LONQUIMAY"
"152",0.959805833320693,0.017124917914122,0.646186217122902,0.243988717488529,0.954947645121137,0.989273832705372,0.428640830655378,0,0.982565227966767,0.34605463023382,0.735856802054218,0,0,0.545701011294176,"LOS ALAMOS"
"153",0.997004124649137,0.0805329083293142,0.826702214525306,0.284709694666491,0.999999999999999,1,0.61471983889979,0,0.919467091670686,0.173297785474694,0.700360436976792,0,0,0.385280161100211,"LOS ANDES"
"154",0.952557828412717,0,0.603044055927934,0.18595531940945,0.962021336178951,0.976838927029145,0.392520381960517,0,1,0.385680315369835,0.794679879021708,0,0,0.581694632537317,"LOS ANGELES"
"155",0.954032156041643,0.0117965434286296,0.627302459886848,0.231276859354398,0.963409085380652,0.985939655400303,0.438722896674044,0,0.988031545368965,0.364856586602404,0.747800900440487,0,0,0.535719199402088,"LOS LAGOS"
"156",0.952611780682621,0,0.568815555610454,0.197912288747377,0.967928779671456,0.981097822557748,0.406619631281016,0,1,0.425573566643675,0.780947795445586,0,0,0.564727279334041,"LOS MUERMOS"
"157",0.952716806462437,0,0.556665466623038,0.210743422083276,0.964012704112503,0.981997202178366,0.440323775410063,0,1,0.437496130055359,0.767451569394082,0,0,0.532840105295444,"LOS SAUCES"
"158",1,0.097069478617261,0.896890928260151,0.295735311589923,1,1,0.621794660857595,0,0.902930521382739,0.103109071739849,0.688840607503256,0,0,0.378205339142405,"LOS VILOS"
"159",0.987105749974576,0.0820657889942281,0.749479677571637,0.261650899263765,0.953497323720165,1,0.522109533061376,0,0.91677094355975,0.245760513615536,0.719608941526417,0,0,0.464964579960801,"LOTA"
"160",0.945935823295462,0.0112283257221026,0.568878387888308,0.241029677792521,0.925622948024335,0.988677498462508,0.475545267044287,0,0.988503649203219,0.416485554816857,0.737426575705784,0,0,0.501696824625687,"LUMACO"
"161",0.978888940784941,0.05861323905291,0.773941913229121,0.278730524822547,0.983234372828445,0.991735814751726,0.590653662284232,0,0.941209733626255,0.222812259414105,0.705693905971854,0,0,0.409256032968865,"MACHALI"
"162",0.993688827740426,0.067514435734572,0.746848359484638,0.305260531812692,0.970084296145429,0.993548895675427,0.554514963470751,0,0.931825096750847,0.24739824717766,0.674766400803247,0,0,0.437403647179288,"MACUL"
"163",0.961386809860219,0.0095758212340057,0.658485612739906,0.23235478675526,0.966346128385255,0.984983953128209,0.420068602053357,0,0.990299238298056,0.334721936717552,0.747607590717517,0,0,0.55528332121232,"MAFIL"
"164",1,0.0846911287325263,0.771718202510856,0.295628438579422,0.982062993336127,0.999167166403619,0.571225817212048,0,0.915134864258628,0.224876638614039,0.687223797535884,0,0,0.424487786383133,"MAIPU"
"165",0.973329356044009,0.0523845459957215,0.699690985996309,0.253183846365452,0.954450883245437,0.991123238141653,0.513519937647787,0,0.94646940023971,0.293680494918581,0.72620290761622,0,0,0.470391876961366,"MALLOA"
"166",0.982569580132935,0.0514070015429512,0.749654184547663,0.287062502560458,0.971535385612178,0.993316268009229,0.543891669321424,0,0.948042412581121,0.247245551954894,0.691284967845992,0,0,0.445654037616473,"MARCHIGUE"
"167",1,0.0891235288959999,0.834338838788218,0.275188004344044,1,1,0.788803662335928,0,0.910876471104,0.165661161211783,0.707601613684497,0,0,0.211196337664072,"MARIA ELENA"
"168",0.983103129582508,0.0684052928817492,0.761381758286039,0.285811316189671,0.969647560662385,0.995991387618845,0.551899903758591,0,0.930935679152422,0.23482797486544,0.694626163105817,0,0,0.439408923111328,"MARIA PINTO"
"169",0.977648504576873,0.0588797575933991,0.738676607332074,0.258358571305477,0.962242011696662,0.996079090003302,0.51319093505466,0,0.940269699705479,0.256747999180354,0.722532111653206,0,0,0.471843113326096,"MARIQUINA"
"170",0.974010887985476,0.0383793224687449,0.685704057889771,0.23463237687923,0.960014055322176,0.985039819538708,0.480825442052963,0,0.960890632823481,0.306849133446378,0.745496387439999,0,0,0.500071350192727,"MAULE"
"171",0.957290099582788,0.0103472198138808,0.632306905800737,0.23795958609988,0.965175853748891,0.989897937686014,0.45349521010446,0,0.989513922183344,0.362472223978224,0.740879052939839,0,0,0.521624088207295,"MAULLIN"
"172",1,0.0887380834382158,0.830592812502582,0.273776311926812,1,1,0.71221802256992,0,0.911261916561784,0.169407187497419,0.709284505922852,0,0,0.28778197743008,"MEJILLONES"
"173",0.944359715283782,0,0.464664509017827,0.198853192892895,0.947098073412675,0.977270910475827,0.375624839456009,0,1,0.523996140101665,0.779967947042451,0,0,0.593753166562253,"MELIPEUCO"
"174",0.974224022430959,0.0623770829882236,0.740311403679345,0.276994263705132,0.966625475685136,0.994913212724209,0.55262015183729,0,0.936871064165779,0.253087408627649,0.703972596864544,0,0,0.438889933319338,"MELIPILLA"
"175",0.993720382047705,0.0813623839096247,0.784979330312656,0.276185245058858,0.967459872999426,1,0.553568212031957,0,0.918050762431249,0.212669712929561,0.70506322175198,0,0,0.438175859552069,"MOLINA"
"176",1,0.0998984975884472,0.910280921441687,0.284632718843803,1,1,0.660110452159564,0,0.900101502411553,0.0897190785583134,0.699229158948728,0,0,0.339889547840436,"MONTE PATRIA"
"177",1,0.0963856262750904,0.858096418962186,0.293874831423983,1,1,0.623790414323452,0,0.90361437372491,0.141903581037814,0.691760078299271,0,0,0.376209585676549,"MOSTAZAL"
"178",0.968217268192759,0.0367932066266546,0.689969574260226,0.249477512943532,0.955479042889465,0.992788969884214,0.47065097745249,0,0.962458174313263,0.304180032430391,0.730602458817261,0,0,0.507876496111809,"MULCHEN"
"179",0.963187304715188,0,0.680083225673988,0.23063702103575,0.974744705856679,0.984672999116099,0.382356343693515,0,1,0.314567296875172,0.75002592101646,0,0,0.595292968140003,"NACIMIENTO"
"180",0.992630863833571,0.0730132187103588,0.83158407129974,0.29259438876151,0.984596658818394,0.99937050720788,0.578585145788464,0,0.926950661773458,0.167484513265716,0.690433027848231,0,0,0.418830174815293,"NANCAGUA"
"181",1,0.102383235448267,0.773964765384983,0.272609254879075,0.955382135786564,1,0.545921500340324,0,0.8966708647688,0.222971898361073,0.708390073503057,0,0,0.444199838265095,"NATALES"
"182",0.987665066438329,0.0594399439528192,0.719089248004759,0.278982460032196,0.960725656617024,0.994433160127805,0.537284263185209,0,0.939723989149353,0.276228491614071,0.69862395375591,0,0,0.450845374124759,"NAVIDAD"
"183",0.965247139225801,0,0.637646853150337,0.215449167385368,0.972798367854261,0.98046861769213,0.40384093789357,0,1,0.358029895977522,0.764003847815329,0,0,0.569431384924561,"NEGRETE"
"184",0.964616234524559,0,0.488249513949127,0.198864191065418,0.972813241223065,0.982385926796337,0.463249302155998,0,1,0.509983554458124,0.780167858225242,0,0,0.512057550620157,"NINHUE"
"185",1,0.0918972365132413,0.892655967755569,0.292960109459555,1,1,0.690920988616286,0,0.908102763486759,0.107344032244431,0.693657690322504,0,0,0.309079011383713,"NOGALES"
"186",0.969343882747746,0.0463287512145373,0.618203340202618,0.244054656059677,0.926521400602801,0.989777771413524,0.468869372097025,0,0.952168297016183,0.371583870256338,0.734840460016906,0,0,0.507875069486961,"NUEVA IMPERIAL"
"187",0.951152282740571,0.0928551678342628,0.752407200989497,0.292479572112612,0.962114664693427,0.998278473527206,0.548983427282944,0,0.906025383515338,0.241771151776459,0.687495239353762,0,0,0.44172034130115,"O'HIGGINS"
"188",0.979860945731437,0.0556677395427588,0.744978367441652,0.257362428686844,0.966883136022304,0.991558445887645,0.547187479374061,0,0.943630392619194,0.25007391068338,0.724229771683852,0,0,0.443808224668878,"OLIVAR"
"189",0.978339111663614,0.0358910080150889,0.740515725107338,0.254731706103042,0.976757976826018,0.980285557758042,0.382659520829721,0,0.96374665379361,0.253894198826489,0.726886176274502,0,0,0.61199002768145,"OLLAGUE"
"190",0.964001594569648,0.0513966786083802,0.700992853355019,0.26236528553805,0.949068722730344,0.990878827168805,0.541439910614759,0,0.947440138981896,0.286711008691932,0.71821880098894,0,0,0.447873286146958,"OLMUE"
"191",0.973833113329325,0.0591085707686632,0.746456929564212,0.266492109259448,0.966524372994595,0.996229360945288,0.53913019501846,0,0.940195888195538,0.248678182869513,0.714331513068722,0,0,0.449750709617989,"OSORNO"
"192",1,0.0850605866815456,0.841611837309033,0.278999804396846,0.992257076230901,1,0.60623506161738,0,0.914939413318454,0.158210402382442,0.70442594436501,0,0,0.39376493838262,"OVALLE"
"193",1,0.0938400534939516,0.812569915474644,0.286419325036518,1,1,0.597848289528018,0,0.906159946506049,0.187430084525357,0.697744827782564,0,0,0.402151710471982,"PADRE HURTADO"
"194",0.962081905511537,0.0228717555249053,0.637538394487271,0.229654333294146,0.950573967989997,0.982576242414021,0.441073159330432,0,0.976658449901959,0.350856365053805,0.750026074478694,0,0,0.535079284030519,"PADRE LAS CASAS"
"195",0.995765716324264,0.072548428385062,0.787206792170806,0.281473820294948,0.984008537429713,0.998844342239646,0.567063571039623,0,0.927286237447941,0.210510710991566,0.700692272629052,0,0,0.427658785768325,"PAIGUANO"
"196",0.957958771198608,0.0207228253591372,0.67069324263228,0.243906940754405,0.959472842130341,0.991161887268162,0.476983745598586,0,0.978940692045167,0.321700566997895,0.735618484460016,0,0,0.501828432606462,"PAILLACO"
"197",0.971469105342159,0.0688116905197353,0.710567801864282,0.263278847415325,0.946594709288252,0.995203343138333,0.537805681566595,0,0.929477155933,0.278710478483396,0.717484785588631,0,0,0.450876839010345,"PAINE"
"198",0.95700978511602,0.0377882777763796,0.677659233919127,0.260771538764896,0.956947068910681,0.99465315260278,0.517931288517696,0,0.961432500882641,0.31690024712227,0.71765837005086,0,0,0.466281896717057,"PALENA"
"199",0.981697176589028,0.0471088589692938,0.661500982003405,0.248345982645734,0.957540962301255,0.99184619809768,0.504522914059685,0,0.952031786631721,0.335456258028612,0.729641349536054,0,0,0.477240653502352,"PALMILLA"
"200",0.961253362622968,0.023387438811051,0.608027119423169,0.231607493978116,0.943996881979574,0.984630456104364,0.446900445412832,0,0.976117935606693,0.381185641791703,0.747208693776336,0,0,0.527859968034362,"PANGUIPULLI"
"201",1,0.1071721936132,0.896257383424737,0.295983454984769,1,1,0.670421015828236,0,0.8928278063868,0.103742616575263,0.690671211622642,0,0,0.329578984171764,"PANQUEHUE"
"202",0.976083820019652,0.0417777136156533,0.751483651902783,0.26857223763225,0.975891090038012,0.990721513096751,0.550757995819295,0,0.957822813370577,0.244635249089552,0.712228142316767,0,0,0.440387318564208,"PAPUDO"
"203",0.979185146668907,0.0448171767597133,0.694374421962519,0.260795117725378,0.963585205635592,0.992098553691686,0.526336343029657,0,0.954477925290695,0.30249780541355,0.716335854476592,0,0,0.459521007696004,"PAREDONES"
"204",0.9571904873165,0.00886660899793394,0.680323780789885,0.239210121967057,0.971516259062807,0.986492389577534,0.5097273383524,0,0.991027438280715,0.315140723128251,0.738589646120285,0,0,0.473193216672555,"PARRAL"
"205",1,0.104924973024299,0.820076623701646,0.307249735066655,1,1,0.578487250376106,0,0.895075026975701,0.179923376298354,0.675930466258213,0,0,0.419056757816136,"PEDRO AGUIRRE CERDA"
"206",0.965001230643737,0.00753246296602123,0.599606751239123,0.206019142769243,0.965700405564719,0.978616854140729,0.426094662223889,0,0.992372974799259,0.394574777800756,0.772715426332548,0,0,0.546859598508776,"PELARCO"
"207",0.939575006907458,0,0.493703926120961,0.178109049778395,0.956179711987446,0.974512567795865,0.447016474350943,0,1,0.495560069744323,0.801262031485398,0,0,0.526586961622357,"PELLUHUE"
"208",0.958024009048768,0,0.55137743293434,0.197786572576379,0.969239746330483,0.978836675772516,0.417836863339998,0,1,0.444419742370569,0.780828966471528,0,0,0.553603641009125,"PEMUCO"
"209",0.963233961186685,0,0.590023788531782,0.210127566101069,0.972592211689018,0.98180968724766,0.441511061625692,0,1,0.407125220217695,0.768071906859605,0,0,0.531910509081949,"PENCAHUE"
"210",0.997853222692244,0.0765056613019084,0.773496716072002,0.2645218323739,0.970065620366924,1,0.541227548367842,0,0.922920618203017,0.223629126661348,0.716898427303117,0,0,0.448648316637498,"PENCO"
"211",0.986747290171997,0.0604513803803202,0.759444701937754,0.284213086619569,0.967842004041845,0.995632229663803,0.542905773442296,0,0.938874487701541,0.237950121992338,0.694769849929428,0,0,0.446421968956935,"PERALILLO"
"212",0.96726913121298,0.0499605672029814,0.645668427916003,0.252501190686905,0.918628312703872,0.994038596856852,0.459594193120152,0,0.948144116139827,0.343161552711368,0.727463943087838,0,0,0.516865883812072,"PERQUENCO"
"213",1,0.10864895644019,0.972638787233214,0.304723631991165,1,1,0.668292101082714,0,0.89135104355981,0.0273612127667862,0.681516821712456,0,0,0.331707898917286,"PETORCA"
"214",1,0.102757242931731,0.924663727103021,0.320939798604013,1,1,0.618071783094071,0,0.897242757068269,0.0753362728969792,0.666385090512359,0,0,0.381928216905929,"PEUMO"
"215",1,0.0949036209219136,0.835319127689054,0.293328091981072,1,1,0.602980615676815,0,0.905096379078086,0.164680872310946,0.691425391114936,0,0,0.397019384323185,"PEÑAFLOR"
"216",1,0.0822461018352303,0.804960746408528,0.319227197203534,0.99474280456979,1,0.57124184447708,0,0.91775389816477,0.194282522512054,0.664465926870596,0,0,0.424570576476705,"PEÑALOLEN"
"217",0.97256642545391,0.0346027994419636,0.727405025780274,0.249022259690545,0.968960498672424,0.992092113688362,0.484149866836323,0,0.964961975425551,0.266832435964652,0.732328725326667,0,0,0.501222119717239,"PICA"
"218",0.992244072884717,0.0673172562098161,0.790913177893324,0.290918143281157,0.978348669237787,0.997464258801734,0.557265801763333,0,0.932329133013866,0.207010289456965,0.690160372617518,0,0,0.435246329847284,"PICHIDEGUA"
"219",0.979881620331837,0.0467237941429544,0.735990093236241,0.278991547059012,0.971893973018946,0.989724768394137,0.547351802177306,0,0.952753863584064,0.258892694892616,0.70036021893149,0,0,0.442952390317512,"PICHILEMU"
"220",0.946099887831543,0,0.400896530665727,0.0769037741061466,0.943042805717724,0.950825724686591,0.3045252588942,0,1,0.583504403896838,0.914452980130653,0,0,0.66624269782991,"PINTO"
"221",0.975117500783728,0.0613118725922013,0.726748639002185,0.289113712421253,0.961517015477823,0.991772877346562,0.548608120231096,0,0.937731825526045,0.265763919687684,0.69012147322678,0,0,0.441969152775896,"PIRQUE"
"222",0.951370635388007,0,0.614894432962412,0.222043419796958,0.967814438467075,0.981339877004269,0.448339480682501,0,1,0.378213673649508,0.756459814978595,0,0,0.526421048634291,"PITRUFQUEN"
"223",0.990844418542885,0.0742991273168569,0.813323079337926,0.283741909351768,0.983548380459837,1,0.57209010042817,0,0.92559719308789,0.185348534998873,0.698664877227266,0,0,0.423771150072017,"PLACILLA"
"224",0.96325355123156,0,0.607435238401599,0.223676290184214,0.974378288492056,0.986684407102407,0.489298184547929,0,1,0.389974061698472,0.753857778322593,0,0,0.489882061251569,"PORTEZUELO"
"225",1,0.124734762978041,0.841094346548153,0.288341937938981,1,1,0.586860316256327,0,0.875265237021959,0.158905653451847,0.69416569513467,0,0,0.412562620321534,"PORVENIR"
"226",0.977242118776996,0.033154304272669,0.728962637815456,0.253289055648283,0.972312097491251,0.988717104371259,0.416669559038532,0,0.966467151068385,0.266047294180222,0.728019713335514,0,0,0.567398345698453,"POZO ALMONTE"
"227",1,0.123808624057374,0.974600871859032,0.31649679768,1,1,0.671576550959241,0,0.876191375942627,0.0253991281409676,0.672178944663962,0,0,0.328423449040759,"PRIMAVERA"
"228",0.926419274464504,0,0.6458303794149,0.289366825530128,0.966667424622197,0.988636808718643,0.545695949774452,0,1,0.339640696482423,0.682034665404815,0,0,0.444409160455743,"PROVIDENCIA"
"229",0.996890362554779,0.0673756227171339,0.792383017470449,0.281622007751722,0.989775887422129,0.994545226174486,0.594301704967188,0,0.932624377282866,0.205857423595563,0.702988845287274,0,0,0.405698295032812,"PUCHUNCAVI"
"230",0.945161242822137,0.0143582673720333,0.675977830249798,0.244888634131252,0.961836519152407,0.987018918006702,0.523706330579792,0,0.985433666823545,0.310829388634521,0.734894109494755,0,0,0.462358327629204,"PUCON"
"231",1,0.095958396477407,0.787298346045373,0.290110788100137,0.99329598399702,1,0.578845502572767,0,0.904041603522593,0.211343952050983,0.692934466718811,0,0,0.418602011190917,"PUDAHUEL"
"232",1,0.096575432593627,0.856981723096535,0.317872932930605,1,1,0.606406204742837,0,0.903424567406373,0.143018276903465,0.669695075777714,0,0,0.393593795257163,"PUENTE ALTO"
"233",0.966179225207886,0.0428123340356292,0.687849857933657,0.248084458983699,0.947663478789143,0.990605131196043,0.509568699983397,0,0.956257979900343,0.300248474819958,0.732469363543398,0,0,0.474981043585623,"PUERTO MONTT"
"234",0.989685776304458,0.0998971561319567,0.806285851431258,0.275274115409482,0.966802070827057,1,0.554928145220943,0,0.899589607747037,0.192152118882832,0.705883533351894,0,0,0.437080045583124,"PUERTO OCTAY"
"235",0.951493548122842,0.0149615815778583,0.758299698984197,0.280909014230606,0.981269652025694,0.990261181612626,0.56410493262778,0,0.984910682287459,0.237547698109648,0.701123731904674,0,0,0.429951985361807,"PUERTO VARAS"
"236",0.973992185395393,0.0389122621499162,0.661294938791462,0.251443711997673,0.95434870578546,0.987759472687514,0.52382362295734,0,0.960409337791933,0.332839233323348,0.725075591575536,0,0,0.461530116385728,"PUMANQUE"
"237",1,0.0884963986976563,0.882137297982062,0.277343731213002,0.987425006825676,1,0.653595148855262,0,0.911503601302344,0.117684008552757,0.705941310750106,0,0,0.346404851144738,"PUNITAQUI"
"238",0.992977347393209,0.100058072855965,0.764743688046541,0.274800717391236,0.963281324463949,1,0.574802598479974,0,0.899289330917694,0.230985002834706,0.707705728701876,0,0,0.421613947106046,"PUNTA ARENAS"
"239",1,0.108563368210229,0.911214969995759,0.287093071854571,1,1,0.654804828239206,0,0.891436631789771,0.0887850300042406,0.697052976927545,0,0,0.345195171760794,"PUQUELDON"
"240",0.956542395781936,0,0.582035806492831,0.233005020141319,0.969356967538698,0.986857023933,0.463943828230737,0,1,0.414199256950716,0.745326902313125,0,0,0.51166507232961,"PUREN"
"241",0.966936140026184,0.0411742010731807,0.671026217917016,0.251902715981145,0.947874563365391,0.993597044904542,0.492837080855135,0,0.957823007808502,0.323238204377135,0.727148694126155,0,0,0.487296682990778,"PURRANQUE"
"242",1,0.0971194035157396,0.84240307416696,0.28718796058295,1,1,0.591059764024851,0,0.902880596484261,0.15759692583304,0.695698204311586,0,0,0.408940235975148,"PUTAENDO"
"243",0.965076109688584,0,0.645809484282449,0.238852562344865,0.971254899473744,0.979548812910631,0.263792929555197,0,1,0.348710713568786,0.741752712887868,0,0,0.71522843510261,"PUTRE"
"244",0.970948795720236,0.0472867742549358,0.642824419623089,0.251437699530312,0.941959328674787,0.994004183764784,0.481127077773551,0,0.951391810731806,0.352108306971752,0.727700111376076,0,0,0.497020310272809,"PUYEHUE"
"245",0.996627266342157,0.0695024228785044,0.721313136419377,0.263850595804755,0.953584600306274,0.998570505633036,0.511909373495664,0,0.929405703646087,0.276136446773388,0.715918242314135,0,0,0.471294891074388,"QUEILEN"
"246",0.986739831816897,0.0606700782392468,0.725922819751393,0.257792679500715,0.960965842067686,0.996209676031289,0.495901303610536,0,0.938457839119528,0.269914270557976,0.722718859311101,0,0,0.485925491635437,"QUELLON"
"247",0.980797164261139,0.0611575572115306,0.707715755753865,0.260904552147061,0.952654181970407,0.996501888778313,0.511430956841128,0,0.937696300318543,0.287987981041083,0.718505660674643,0,0,0.471769850037571,"QUEMCHI"
"248",0.969364710510643,0.032467362783969,0.657405112955884,0.246581289661296,0.957820291463145,0.992297403896926,0.481183617764213,0,0.96684901660181,0.338977747700817,0.732184668571316,0,0,0.497081237305359,"QUILACO"
"249",1,0.0914568270694209,0.815111497500853,0.293356817819807,1,1,0.598695623985982,0,0.908543172930579,0.184888502499147,0.691422312803238,0,0,0.401304376014018,"QUILICURA"
"250",0.959698918376155,0,0.474827119312516,0.184645604740954,0.949916240856323,0.966721596637731,0.291329896326478,0,1,0.515634966838432,0.795170812333227,0,0,0.680905436720971,"QUILLECO"
"251",0.959983009937506,0,0.540836843342965,0.192817948228963,0.958991985809835,0.973859823919727,0.382448625502957,0,1,0.45127383331194,0.786351911564833,0,0,0.587993548642738,"QUILLON"
"252",0.980808488767986,0.0615381895075145,0.725251505642244,0.261109003068126,0.957244946228503,0.992601083733906,0.553323557705286,0,0.937492630507826,0.265727121891424,0.720687325884754,0,0,0.438765963626453,"QUILLOTA"
"253",0.97871969141427,0.071198206893297,0.739883266761956,0.276634602711555,0.964873404663695,0.995664319626421,0.568672499042634,0,0.927945689621469,0.252128799996951,0.70582611954424,0,0,0.426410311194249,"QUILPUE"
"254",1,0.111330783813103,0.869684129963176,0.288429412584056,0.981835768506761,1,0.573602356721738,0,0.888669216186897,0.129951487532774,0.693130173742191,0,0,0.42278981455755,"QUINCHAO"
"255",0.986807408590109,0.0629990717042441,0.758438226953039,0.269450458438247,0.972083380123205,0.995037332570033,0.551121368024626,0,0.93643719868652,0.237558393944497,0.711831214376569,0,0,0.440191141157005,"QUINTA DE TILCOCO"
"256",1,0.0845891729436675,0.716360024901558,0.281692912313172,0.946230464945373,0.997215046941742,0.546224831922995,0,0.913859471052079,0.273571783901881,0.698109451020007,0,0,0.443834425764107,"QUINTA NORMAL"
"257",1,0.0912634501155051,0.799000346403096,0.277222813828542,0.997079364745828,1,0.608978308860734,0,0.908736549884495,0.200780074962696,0.706814045808518,0,0,0.391021691139266,"QUINTERO"
"258",0.972368325347213,0.0252711503586934,0.597480766614924,0.229068576007678,0.961587859722379,0.988293346235737,0.470808114160056,0,0.974327349112555,0.399257116782852,0.748963170987712,0,0,0.505728377650878,"QUIRIHUE"
"259",0.992851457638083,0.0708494951919806,0.780551786339834,0.273097530252379,0.983665342791368,0.99657288224616,0.592993664865682,0,0.929049240588958,0.216810156156083,0.710676248732854,0,0,0.407006335134318,"RANCAGUA"
"260",0.965964864855409,0.0154948687212896,0.63338430124717,0.230732864627118,0.965058829543355,0.987146966125678,0.454942964235789,0,0.984274258923815,0.362433328520332,0.74779253113564,0,0,0.520314199444641,"RANQUIL"
"261",0.973253032203311,0.0470231095315658,0.662668364183834,0.243623736508979,0.944813689980742,0.987564772742306,0.495044045874,0,0.95169438454439,0.330251900706424,0.734910420598358,0,0,0.485538089701487,"RAUCO"
"262",1,0.0853915225097202,0.728450819915453,0.285053086152146,0.955142978745167,0.999474458024114,0.550453469096562,0,0.913370407039546,0.262729381568907,0.69527868434224,0,0,0.440534445723546,"RECOLETA"
"263",0.966444894554529,0.0141692329662132,0.662641055893576,0.233505036684046,0.9634029758027,0.98542836789736,0.431993083891854,0,0.985618625391422,0.331362186802028,0.746298309735194,0,0,0.543557666682962,"RENAICO"
"264",1,0.103445285547595,0.839494386655491,0.293987593439603,1,1,0.598404849754863,0,0.896554714452405,0.160505613344509,0.689904639273318,0,0,0.401595150245137,"RENCA"
"265",0.99934395434697,0.0830799094258666,0.784741135447599,0.273911381174582,0.972585948538521,1,0.560816546777956,0,0.916536244265821,0.212806642417854,0.707888088206886,0,0,0.432567415258261,"RENGO"
"266",0.983558149171127,0.0738533234910154,0.785358780454783,0.271532519963341,0.979194320447549,0.998709717044336,0.579564334666448,0,0.925951244350998,0.212279033680983,0.711314794247708,0,0,0.417829038118629,"REQUINOA"
"267",0.954012698667803,0,0.525296016446882,0.152743100255969,0.960720949127669,0.969387374167139,0.415738974944784,0,1,0.466359817521252,0.828779285791741,0,0,0.555712315902463,"RETIRO"
"268",0.996519533511215,0.096794238125819,0.87840994018795,0.301388537978311,1,1,0.623604451684218,0,0.903205761874181,0.12159005981205,0.684792634236725,0,0,0.376395548315782,"RINCONADA"
"269",0.956829020331904,0.00697970449955145,0.631080404783709,0.232200696116765,0.963866518015662,0.987820957637192,0.458375368114363,0,0.992932888349665,0.362426747775949,0.746441113394082,0,0,0.517427012014912,"RIO BUENO"
"270",0.969100694884205,0.0259945023795117,0.630605347073089,0.223074413438625,0.952805231166622,0.980924423930548,0.472679608752596,0,0.973519552530447,0.361132585968527,0.755283327025344,0,0,0.504924220629814,"RIO CLARO"
"271",0.990929740896723,0.057014628865808,0.70046730925018,0.251831624013467,0.960171230783593,0.993772493338099,0.485518129567932,0,0.94211048727275,0.296015397712867,0.727829050903441,0,0,0.494056496920346,"RIO HURTADO"
"272",0.954789287035729,0.0176978619483242,0.614577023616201,0.232988911280995,0.961392322921622,0.986846020989386,0.488546348692497,0,0.982013423800623,0.378648876094457,0.744697240760313,0,0,0.490631805187757,"RIO IBAÑEZ"
"273",0.974264412987692,0.0550819202327423,0.716887463976278,0.261083223987294,0.952450331615664,0.995774170181683,0.513898634532206,0,0.943836688693528,0.279129106330232,0.718423209269554,0,0,0.469816705345041,"RIO NEGRO"
"274",0.965491058210864,0.0709787905580758,0.665532156553749,0.251381746257356,NA,0.985519765128045,0.533390551774422,0,0.924297560812407,0.312979978474463,0.729579182448004,NA,0,0.454976033830875,"RIO VERDE"
"275",0.967261637587048,0.0288920811706887,0.640288938926078,0.232845408661411,0.953951705469812,0.984745509870982,0.485103148141305,0,0.970526763669447,0.352617371290695,0.745257355975548,0,0,0.493897316278292,"ROMERAL"
"276",0.980260734764938,0.0667266020065293,0.6420377344479,0.255684385583766,0.924897152829082,0.996803316701781,0.49835008839332,0,0.931377714372248,0.350015948370978,0.723389799177837,0,0,0.482393658487309,"SAAVEDRA"
"277",0.989433666903866,0.076336239622751,0.781711345005946,0.277627090063427,0.96653742987766,1,0.548609040953481,0,0.923004600659936,0.215959860248184,0.703146450553628,0,0,0.442012727500116,"SAGRADA FAMILIA"
"278",1,0.0937721986412819,0.879366355698924,0.281756429300485,1,1,0.642915100396151,0,0.906227801358718,0.120633644301076,0.702016239986222,0,0,0.357084899603849,"SALAMANCA"
"279",1,0.104698817694793,0.881330401437085,0.294584462854907,1,1,0.62229787858458,0,0.895301182305207,0.118669598562916,0.689984547335374,0,0,0.37770212141542,"SAN ANTONIO"
"280",1,0.103207087377373,0.801303768716371,0.290657482677369,1,1,0.586834940201281,0,0.896792912622627,0.198696231283629,0.692840041666125,0,0,0.412466410060099,"SAN BERNARDO"
"281",0.953402753182055,0,0.6347439926698,0.219030538279721,0.970285279067445,0.983589284293804,0.460382651076183,0,1,0.35917043733655,0.759517113666388,0,0,0.515905358036496,"SAN CARLOS"
"282",0.97824014251654,0.0513524068430525,0.689760213031353,0.248626265526956,0.954433534123664,0.991505111320648,0.492771501445946,0,0.947598865316038,0.304764555968845,0.730775545206118,0,0,0.487877985399412,"SAN CLEMENTE"
"283",0.996777396935027,0.070087042003884,0.800717353435791,0.269852124620686,0.979430377428972,0.998710112337837,0.576327253075244,0,0.929697256560508,0.19753642960749,0.712742930975351,0,0,0.420396897061359,"SAN ESTEBAN"
"284",0.957848233449218,0.00233822893398021,0.635194186050377,0.223366992262204,0.972218469786542,0.986712280220493,0.464659613632478,0,0.997635719742888,0.360969717999855,0.754812710714681,0,0,0.511640016802189,"SAN FABIAN"
"285",0.995666832690566,0.0840182691429918,0.813911626946347,0.281660486877371,1,1,0.603889780370033,0,0.915981730857008,0.186088373053653,0.702413645010922,0,0,0.396110219629967,"SAN FELIPE"
"286",0.983800064696251,0.0697027153118329,0.788578542781384,0.283363475897868,0.987299387364731,0.997468269503736,0.573944737764459,0,0.930237499014524,0.209302070556307,0.699435904978787,0,0,0.422328203425657,"SAN FERNANDO"
"287",0.973822461826056,0.107079010645964,0.737677898874342,0.332082390238048,NA,1,0.686109319715258,0,0.890522693921348,0.253478679477573,0.666355354771395,NA,0,0.313890680284742,"SAN GREGORIO"
"288",0.953855610649538,0,0.413491630202725,0.136986281777235,0.947816740596755,0.960049151199303,0.364762792464338,0,1,0.576545025611871,0.846401653477215,0,0,0.604162547989151,"SAN IGNACIO"
"289",0.966150826220387,0.0279352338213958,0.66053419948261,0.23650394052654,0.95950164349734,0.987270692444665,0.482982638055212,0,0.971553791501309,0.333074564370795,0.742188393043874,0,0,0.496077644424117,"SAN JAVIER"
"290",1,0.0995301570038619,0.823725177407045,0.311471640437371,1,1,0.578799258062605,0,0.900469842996138,0.176274822592955,0.672182278298741,0,0,0.418820292361709,"SAN JOAQUIN"
"291",1,0.0893625793720879,0.770278480980858,0.295117242813071,0.975628481889677,1,0.555243118732702,0,0.910191238462856,0.226182969420033,0.685587832056949,0,0,0.436820882197278,"SAN JOSE DE MAIPO"
"292",0.991199357094195,0.0581614072871502,0.642572189225525,0.25426587936995,0.94944442118813,0.99516570929343,0.484507217747033,0,0.940802501727771,0.35391343308864,0.725106949667889,0,0,0.49401749869406,"SAN JUAN DE LA COSTA"
"293",0.975715134527975,0.0537505805971466,0.687924519001772,0.293237969859221,0.946983195458509,0.98933184937778,0.546019482096329,0,0.945226788539715,0.298031327723012,0.68434418228924,0,0,0.444007634611825,"SAN MIGUEL"
"294",0.960058910560295,0,0.519672955988268,0.195481823069069,0.962679896399075,0.970544972407945,0.392633589214561,0,1,0.473788959761226,0.783369574817425,0,0,0.577495589370859,"SAN NICOLAS"
"295",0.975862233123518,0.0568428828904934,0.669260271103671,0.256526364069441,0.940429646739019,0.995807870049017,0.499793229054977,0,0.941766465292247,0.325891341610572,0.722590891029452,0,0,0.48123841373622,"SAN PABLO"
"296",0.95515270913377,0.0116841240974989,0.631432292335104,0.23087791024325,0.963016487132271,0.985097692618105,0.493091891278396,0,0.98815240532931,0.361626245111203,0.746689508164262,0,0,0.486907119657994,"SAN PEDRO"
"297",1,0.0745770722447784,0.804640143209931,0.26665605746973,0.989736735464775,1,0.609001711783909,0,0.925339898834723,0.194205272254131,0.715720438833524,0,0,0.390998288216091,"SAN PEDRO DE ATACAMA"
"298",0.967521574642965,0.0384074715467893,0.717998455620878,0.251768213837982,0.964347886102944,0.989116416815691,0.540307245402189,0,0.961016198106554,0.273990724092608,0.729402824675553,0,0,0.449312491660223,"SAN PEDRO DE LA PAZ"
"299",0.975843079974737,0.0401097891038957,0.663725434856555,0.232730770092874,0.954202058047165,0.983944415787332,0.468020230696952,0,0.959046489947853,0.329059263497771,0.746643349508947,0,0,0.510056293847442,"SAN RAFAEL"
"300",1,0.104821538021482,0.83066864591771,0.298109435909061,0.999999999999999,1,0.589366896022815,0,0.895178461978518,0.16933135408229,0.685500245836855,0,0,0.410633103977185,"SAN RAMON"
"301",0.984178409689239,0.0618246652267957,0.696635693432292,0.249396101012749,0.953175482348474,0.990349335460759,0.455690940717948,0,0.936724922350981,0.297012506297134,0.731173758428027,0,0,0.522926045003045,"SAN ROSENDO"
"302",0.991334848466158,0.0733829783028194,0.799149251416296,0.292039109085659,0.981173759754132,0.999312829639659,0.561668288569883,0,0.926404449542287,0.199058219942543,0.689536578115508,0,0,0.431845038028066,"SAN VICENTE"
"303",0.957654101645716,0,0.600398776651975,0.20519648984254,0.965852790853633,0.981612712201246,0.390018566028036,0,1,0.392553096935321,0.774203371580956,0,0,0.58219236364779,"SANTA BARBARA"
"304",0.965871037011741,0.0262300295350932,0.699968184600804,0.253499778432575,0.969308878077477,0.988254455057597,0.527946103422474,0,0.973429568117297,0.294602274401789,0.724437529230619,0,0,0.458335226235652,"SANTA CRUZ"
"305",0.948184596845272,0,0.492093976942397,0.203682501501128,0.938922291974018,0.968261914232113,0.325233103671687,0,1,0.491379353966631,0.775551478754939,0,0,0.645766995148897,"SANTA JUANA"
"306",0.992759686463448,0.0658835565449732,0.775460796911378,0.26542211262396,0.971448732719228,0.996921070334046,0.546740919422889,0,0.933568162294214,0.222031756320966,0.715980076209119,0,0,0.44389347861514,"SANTA MARIA"
"307",0.957203471218422,0.0452181763283533,0.645126331617736,0.282342660794779,0.9253814062394,0.990454653621155,0.540576435048593,0,0.953710994239568,0.331135308284275,0.694639330210438,0,0,0.448261195134156,"SANTIAGO"
"308",0.956596879038243,0.0213224222078836,0.738213919427347,0.286209366721582,0.974187517901696,0.98825895110939,0.551618150052789,0,0.978448870290668,0.256693463470631,0.693213656626372,0,0,0.439627074014677,"SANTO DOMINGO"
"309",1,0.0828578929206272,0.808980866866664,0.265185326071394,0.97022763816698,1,0.592281577119431,0,0.916907757998331,0.189620417201267,0.716753222236988,0,0,0.406814911238445,"SIERRA GORDA"
"310",0.993728069959363,0.0835948517635259,0.772387620504705,0.279747264753053,0.975497022591403,1,0.565791676072651,0,0.916049941474831,0.224218846216412,0.702355253697452,0,0,0.428647228227368,"TALAGANTE"
"311",0.977671252452164,0.0557012211970157,0.760021040664696,0.268946714955172,0.975170322602,0.993722858474901,0.559374696592514,0,0.943844116208823,0.235840588433855,0.712947520822577,0,0,0.433737967111927,"TALCA"
"312",0.975269630279848,0.0544673010346396,0.710170926042726,0.251859689572463,0.949881271535392,0.992608308515323,0.524144411525542,0,0.944444693171518,0.279435633823247,0.729589236537038,0,0,0.4640422137917,"TALCAHUANO"
"313",1,0.115016602501215,0.918784878768104,0.280064160936937,1,1,0.673258061048789,0,0.884983397498785,0.0812151212318963,0.70302386868794,0,0,0.326741938951211,"TALTAL"
"314",0.953420860760929,0.0202206232733305,0.67116030989264,0.239539401558733,0.957853726570367,0.986606167460565,0.503295434984916,0,0.979423037207956,0.317478524856779,0.740094879260232,0,0,0.47955033348912,"TEMUCO"
"315",0.969506995029014,0.0354131359466299,0.671799624440194,0.236538908454774,0.952311580010996,0.984496839232998,0.496718081366044,0,0.963852568877085,0.318893901251947,0.742852396604721,0,0,0.485010474721216,"TENO"
"316",0.956392978350645,0,0.551606548281526,0.175531577507259,0.965577390292437,0.97639036266024,0.43028074875396,0,1,0.4424483598975,0.804047391931838,0,0,0.542202660370886,"TEODORO SCHMIDT"
"317",1,0.0810571859340839,0.867190082772143,0.272207618420183,0.97430856874162,1,0.615979034990009,0,0.918685737730989,0.13206449311701,0.710000136882808,0,0,0.384020965009991,"TIERRA AMARILLA"
"318",0.984881524283717,0.0587027566318117,0.696570895680006,0.253051354348983,0.946127742061779,0.98899636630202,0.526594012944696,0,0.94010678983649,0.292583759765508,0.727281516001018,0,0,0.460118572999845,"TILTIL"
"319",0.961676804406794,0.0259900214750636,0.545997203738803,0.188599051253925,0.921257457761573,0.939676678085745,0.432765285568847,0,0.97202816414649,0.41146332842783,0.792174545959534,0,0,0.54445167678609,"TIMAUKEL"
"320",0.951139074635903,0.0371613425853783,0.626636105700575,0.255315978221826,0.907667112542686,0.995414502997376,0.493975755698237,0,0.961291459452389,0.357102870864131,0.723961925100713,0,0,0.486248295382295,"TIRUA"
"321",1,0.0882446866625713,0.85436036335886,0.275759641847475,0.999999999999999,1,0.71631632324934,0,0.911755313337429,0.14563963664114,0.707557829482604,0,0,0.28368367675066,"TOCOPILLA"
"322",0.958647045806485,0,0.60130815155299,0.20463327587056,0.96653846677715,0.978753568835047,0.46044041964382,0,1,0.392544642605256,0.773536447968622,0,0,0.515252574830749,"TOLTEN"
"323",0.97437812132993,0.0546412493580903,0.699660335378632,0.253033319958443,0.952238434567466,0.994007986601906,0.496274602822035,0,0.944225546278882,0.29294804304398,0.727185321205745,0,0,0.485573245622358,"TOME"
"324",0.987835739795581,0.0712638790315339,0.635656061922544,0.250748390443232,0.930837041763949,0.993685992407562,0.469462126793349,0,0.926229147822372,0.358443178720876,0.728574845522842,0,0,0.50720817847795,"TORRES DEL PAINE"
"325",1,0.0699332188191236,0.644824597828644,0.262012468387034,0.931392895814857,0.997599739796053,0.519360071333933,0,0.928656660616622,0.341732948426424,0.716463947756526,0,0,0.465126147046509,"TORTEL"
"326",0.948686052016597,0.0120977101029792,0.596197942043356,0.234945499018892,0.941507773925185,0.985273791754719,0.491280466602615,0,0.987678360906747,0.391548696833381,0.742736428435548,0,0,0.488328480455958,"TRAIGUEN"
"327",0.958621674046085,0,0.534498239087025,0.208552328616179,0.968778972768585,0.983024215730511,0.413336106524358,0,1,0.46162750772633,0.769898616631109,0,0,0.557588801338557,"TREHUACO"
"328",0.970978094947011,0.0318486040189073,0.679069079843442,0.241455892469531,0.960543797464889,0.98997582363464,0.45768829407781,0,0.967604948431968,0.315267267145436,0.738395413532003,0,0,0.519658033921969,"TUCAPEL"
"329",0.983329581394426,0.0796482119410962,0.769567638407181,0.280214227158895,0.979905771656181,1,0.561646786252879,0,0.920020597844858,0.226752032776829,0.701487106482543,0,0,0.431862740211857,"VALDIVIA"
"330",1,0.0831847260376937,0.841706180168044,0.272595068522665,0.964978552969313,0.999705529675922,0.556459309658098,0,0.916039408956229,0.157548521239027,0.708461091620887,0,0,0.435870118592551,"VALLENAR"
"331",1,0.10009027760161,0.781111008372374,0.288305182348613,0.991673242828203,1,0.577418787246976,0,0.89990972239839,0.217171641006198,0.694370695123328,0,0,0.419698952125315,"VALPARAISO"
"332",0.969519433761896,0.0232093571144782,0.766063682402158,0.31560615841562,0.981106836232548,0.990438620335622,0.556891801731425,0,0.976595140900149,0.23114054797901,0.664386579284898,0,0,0.43559468816629,"VICHUQUEN"
"333",0.950151722054502,0,0.578984621740877,0.216640138737577,0.960771072936229,0.977642404651136,0.451712182598236,0,1,0.412482811296789,0.761476856397645,0,0,0.522862059561564,"VICTORIA"
"334",1,0.0952618734820698,0.881585730889883,0.285930213307739,0.995352571581033,1,0.603681017842892,0,0.90473812651793,0.118414269110117,0.696928934613081,0,0,0.396318982157108,"VICUÑA"
"335",0.957272695259096,0,0.594093615008678,0.214122872459101,0.967202717099287,0.981926709590047,0.43330955257096,0,1,0.400193689307822,0.764313914607273,0,0,0.539819368060623,"VILCUN"
"336",0.965403706847126,0.0273159426090135,0.658703326512055,0.23692556580279,0.960325838449594,0.985779263982107,0.496009610292698,0,0.972162682897071,0.335341889585356,0.741108428825418,0,0,0.484637257125561,"VILLA ALEGRE"
"337",0.977166208812515,0.0753255132660679,0.740971612276285,0.276187355382973,0.964177432715055,0.997822615943414,0.573749355932508,0,0.923793013444737,0.250868253557364,0.706537169719085,0,0,0.422446279490278,"VILLA ALEMANA"
"338",0.945966019370835,0.00859001715039764,0.651485570299157,0.23554845860003,0.96032272637281,0.986431536306917,0.494021158152909,0,0.991294529243113,0.336602487502175,0.743405188876884,0,0,0.486941286652639,"VILLARRICA"
"339",0.954151259936743,0,0.632688426838308,0.118262918664435,0.970029466695759,0.988118076534823,0.545603915876725,0,1,0.360628097647781,0.866221766847793,0,0,0.444515592823463,"VITACURA"
"340",0.968446651171601,0.065818136468964,0.755938134720911,0.295906385426357,0.980654067646415,0.995772085026142,0.573096701114009,0,0.933813639147287,0.238456556549237,0.687253327323847,0,0,0.423049441625292,"VIÑA DEL MAR"
"341",0.968171806638308,0.0345715579670538,0.620736721789116,0.235398919115789,0.941629806961011,0.985695533553028,0.472677797888212,0,0.96452799336851,0.371040483229648,0.742942388649427,0,0,0.504522950259831,"YERBAS BUENAS"
"342",0.95790844948733,0.00453740357433905,0.615810975780704,0.226329275915114,0.964544528967415,0.983756616887216,0.416028150239778,0,0.995408062095733,0.377187266607872,0.752785626518074,0,0,0.55685098441146,"YUMBEL"
"343",0.974743928316505,0.0407459355676575,0.683300256529988,0.244689202780333,0.958605227610738,0.990911082489645,0.465343821731496,0,0.958531301648158,0.310841348478196,0.735218269601269,0,0,0.512670613453269,"YUNGAY"
"344",0.954120904504973,0.000528074903517909,0.752683134423053,0.285950021418304,0.981614318059257,0.983503119252563,0.571109004635663,0,0.999466218303214,0.243206925469733,0.697547697022273,0,0,0.424609485446177,"ZAPALLAR"
"345",0.956946636270605,0,0.502158786593188,0.168660307113076,0.959942145535511,0.965892088091815,0.384771708656128,0,1,0.489950699376414,0.811651271038261,0,0,0.585140949924016,"ÑIQUEN"
"346",0.949387864129431,0.0268299110526514,0.665932850254671,0.311293608528205,0.957845661647513,0.989420716175175,0.546630383621887,0,0.972763703763362,0.317161731841163,0.663079465860931,0,0,0.443631472357289,"ÑUÑOA"
