polarization2,year,state,N
4.491779799677282,2006,ALABAMA,420
3.705442008906722,2006,ALASKA,108
4.307510571681625,2006,ARIZONA,858
4.584377421539836,2006,ARKANSAS,288
4.3509011648866505,2006,CALIFORNIA,3213
4.220059887242423,2006,COLORADO,537
4.341571523465589,2006,CONNECTICUT,305
4.37997371922372,2006,DELAWARE,93
4.4670889577861805,2006,FLORIDA,2057
4.239915221860642,2006,GEORGIA,1023
4.137009917689083,2006,HAWAII,77
4.045646030807264,2006,IDAHO,202
4.2292389556434,2006,ILLINOIS,1369
4.410457270961683,2006,INDIANA,776
4.445191389243422,2006,IOWA,299
4.2211685931682865,2006,KANSAS,403
4.787397488009194,2006,KENTUCKY,405
4.387817004846758,2006,LOUISIANA,306
4.211699989584492,2006,MAINE,192
4.495327505265857,2006,MARYLAND,630
3.9847371883929217,2006,MASSACHUSETTS,458
4.399128916413578,2006,MICHIGAN,1330
4.377384165300855,2006,MINNESOTA,622
4.611603469182794,2006,MISSISSIPPI,182
4.500390825762712,2006,MISSOURI,727
4.269307403219343,2006,MONTANA,124
4.5989567612129925,2006,NEBRASKA,151
4.263292528741822,2006,NEVADA,335
3.9694606349704054,2006,NEW HAMPSHIRE,172
4.254409203196213,2006,NEW JERSEY,718
4.497910895946562,2006,NEW MEXICO,274
4.319550446275036,2006,NEW YORK,1535
4.558339935093259,2006,NORTH CAROLINA,828
4.071170195614345,2006,NORTH DAKOTA,84
4.43164704176268,2006,OHIO,1379
4.706365211433662,2006,OKLAHOMA,369
4.238680226922352,2006,OREGON,641
4.615215504676177,2006,PENNSYLVANIA,1372
4.296230385333132,2006,RHODE ISLAND,96
4.474879951096601,2006,SOUTH CAROLINA,385
4.4942625144088595,2006,SOUTH DAKOTA,113
4.455053437409962,2006,TENNESSEE,595
4.311840265195318,2006,TEXAS,2432
4.072768758777385,2006,UTAH,306
4.096429564208978,2006,VERMONT,61
4.225788509576403,2006,VIRGINIA,790
4.217877660696988,2006,WASHINGTON,1016
4.533308657994181,2006,WEST VIRGINIA,249
4.465764994428646,2006,WISCONSIN,789
4.196709053454715,2006,WYOMING,81
4.491221759240169,2007,ALABAMA,134
4.203977086052381,2007,ARIZONA,155
4.724728294712626,2007,ARKANSAS,71
4.512266096292601,2007,CALIFORNIA,978
4.211058387812688,2007,COLORADO,124
4.710944597389805,2007,CONNECTICUT,91
4.432799146693738,2007,FLORIDA,519
4.338784395276553,2007,GEORGIA,251
3.9828088672390622,2007,IDAHO,37
4.152479658165884,2007,ILLINOIS,345
4.453674031001581,2007,INDIANA,169
4.676761605267537,2007,IOWA,84
4.321984988085882,2007,KANSAS,70
4.50039912488525,2007,KENTUCKY,121
4.552605487373746,2007,LOUISIANA,84
4.405143068941342,2007,MAINE,42
4.37649837428818,2007,MARYLAND,165
4.16622229287151,2007,MASSACHUSETTS,178
4.0754623498221,2007,MICHIGAN,279
4.467266889107917,2007,MINNESOTA,144
4.9169067097143895,2007,MISSISSIPPI,63
4.178359017172022,2007,MISSOURI,153
4.31836348680411,2007,NEBRASKA,38
4.299844442898704,2007,NEVADA,61
3.644432972947751,2007,NEW HAMPSHIRE,34
4.343191711228505,2007,NEW JERSEY,253
4.640851011595233,2007,NEW MEXICO,48
4.455834420849346,2007,NEW YORK,559
4.539086060000905,2007,NORTH CAROLINA,242
4.396514116114214,2007,OHIO,332
4.80346402708483,2007,OKLAHOMA,92
4.502592088989065,2007,OREGON,103
4.591152120649374,2007,PENNSYLVANIA,366
4.538436481872296,2007,SOUTH CAROLINA,126
4.485050646251564,2007,TENNESSEE,169
4.332814369450006,2007,TEXAS,588
4.11937161540499,2007,UTAH,67
4.311609889825444,2007,VIRGINIA,225
3.9068897666268647,2007,WASHINGTON,169
4.45852695863771,2007,WEST VIRGINIA,42
4.320920275504676,2007,WISCONSIN,151
4.741620499059545,2008,ALABAMA,325
4.058746274201079,2008,ALASKA,64
4.549513040503355,2008,ARIZONA,734
4.552404698174465,2008,ARKANSAS,348
4.628061823318871,2008,CALIFORNIA,2533
4.675596452193403,2008,COLORADO,481
4.475526166666302,2008,CONNECTICUT,379
4.936765608047837,2008,DELAWARE,107
4.522305050537907,2008,DISTRICT OF COLUMBIA,49
4.716363003320843,2008,FLORIDA,1917
4.715516563441005,2008,GEORGIA,746
4.451508956323419,2008,HAWAII,81
4.572208552235894,2008,IDAHO,153
4.679571901713383,2008,ILLINOIS,1042
4.711693669889433,2008,INDIANA,670
4.61937008644454,2008,IOWA,391
4.704233710022184,2008,KANSAS,354
4.7635040634251435,2008,KENTUCKY,420
4.875677041494981,2008,LOUISIANA,339
4.507811471612408,2008,MAINE,212
4.6556218070266215,2008,MARYLAND,466
4.144869568329484,2008,MASSACHUSETTS,482
4.618372983114962,2008,MICHIGAN,884
4.595202596167693,2008,MINNESOTA,522
4.7578462787038465,2008,MISSISSIPPI,249
4.497450952794872,2008,MISSOURI,758
4.311506814564945,2008,MONTANA,151
4.6379193346844865,2008,NEBRASKA,209
4.619546408328201,2008,NEVADA,375
4.150872222819397,2008,NEW HAMPSHIRE,192
4.496752049218973,2008,NEW JERSEY,757
4.974198642811799,2008,NEW MEXICO,236
4.564968894739296,2008,NEW YORK,1527
4.719852055012606,2008,NORTH CAROLINA,844
4.810386451764616,2008,NORTH DAKOTA,86
4.649727138399962,2008,OHIO,1193
4.720232676482354,2008,OKLAHOMA,409
4.634732894247436,2008,OREGON,515
4.790944743757844,2008,PENNSYLVANIA,1686
4.2787466276214365,2008,RHODE ISLAND,93
4.79963442059627,2008,SOUTH CAROLINA,377
4.747972578417915,2008,SOUTH DAKOTA,121
4.658197731870542,2008,TENNESSEE,558
4.6485513680653785,2008,TEXAS,1848
4.42098637883635,2008,UTAH,281
4.564059712341798,2008,VERMONT,92
4.654646259885341,2008,VIRGINIA,700
4.727204719102348,2008,WASHINGTON,772
4.631420770274934,2008,WEST VIRGINIA,220
4.461433778319898,2008,WISCONSIN,605
4.7109773869807805,2008,WYOMING,47
4.4076798286228716,2009,ALABAMA,161
3.9128514169834494,2009,ALASKA,32
4.335301223147914,2009,ARIZONA,295
4.559737300795373,2009,ARKANSAS,118
4.4347910096742,2009,CALIFORNIA,1127
4.437279645818327,2009,COLORADO,215
4.542350251648357,2009,CONNECTICUT,126
4.669504462807596,2009,DELAWARE,44
4.16502091688412,2009,DISTRICT OF COLUMBIA,33
4.479146556179262,2009,FLORIDA,883
4.414277833839824,2009,GEORGIA,360
3.693146079438809,2009,HAWAII,32
4.402041030068673,2009,IDAHO,66
4.383080122275457,2009,ILLINOIS,485
4.408794194878064,2009,INDIANA,241
4.61959212646712,2009,IOWA,99
4.551606131749923,2009,KANSAS,113
4.630560434024876,2009,KENTUCKY,151
4.609502432506826,2009,LOUISIANA,149
3.946300265293979,2009,MAINE,67
4.482883138203075,2009,MARYLAND,166
4.003213630448161,2009,MASSACHUSETTS,183
4.300438979098299,2009,MICHIGAN,358
4.381793663240254,2009,MINNESOTA,172
4.828812380335263,2009,MISSISSIPPI,91
4.198099522218927,2009,MISSOURI,232
3.6629339282805917,2009,MONTANA,40
4.430408246664085,2009,NEBRASKA,81
4.052145906614644,2009,NEVADA,121
3.748267333717874,2009,NEW HAMPSHIRE,56
4.6066481299523945,2009,NEW JERSEY,283
4.670884200240561,2009,NEW MEXICO,107
4.336123687444895,2009,NEW YORK,585
4.437371231575974,2009,NORTH CAROLINA,362
4.12410988838745,2009,NORTH DAKOTA,30
4.501390393900631,2009,OHIO,516
4.37476009030296,2009,OKLAHOMA,130
4.301432874798028,2009,OREGON,186
4.6586962202933275,2009,PENNSYLVANIA,576
3.9438528133111035,2009,RHODE ISLAND,43
4.597067858199237,2009,SOUTH CAROLINA,147
4.64751854291541,2009,SOUTH DAKOTA,40
4.376315685659925,2009,TENNESSEE,229
4.412165121697711,2009,TEXAS,851
3.6785705632944685,2009,UTAH,80
4.2770308552773235,2009,VIRGINIA,299
4.106351510276492,2009,WASHINGTON,304
4.820453375038886,2009,WEST VIRGINIA,75
4.351677261311849,2009,WISCONSIN,237
4.372184529810489,2009,WYOMING,35
4.393889921198957,2010,ALABAMA,580
3.936843377233851,2010,ALASKA,118
4.433969712150053,2010,ARIZONA,1331
4.237040469195307,2010,ARKANSAS,411
4.418136431527822,2010,CALIFORNIA,4972
4.40035573330111,2010,COLORADO,930
4.463465525082416,2010,CONNECTICUT,653
4.6232865300953385,2010,DELAWARE,192
4.025095363452932,2010,DISTRICT OF COLUMBIA,144
4.424910194336091,2010,FLORIDA,3956
4.380717320247889,2010,GEORGIA,1602
4.18089247818366,2010,HAWAII,149
4.294571080757042,2010,IDAHO,231
4.3826073041022084,2010,ILLINOIS,2213
4.352197777601344,2010,INDIANA,1022
4.3015776185816925,2010,IOWA,503
4.392017842737252,2010,KANSAS,469
4.470524665053114,2010,KENTUCKY,671
4.51847710789432,2010,LOUISIANA,583
4.111609764885847,2010,MAINE,284
4.510018966535511,2010,MARYLAND,923
3.755089505976175,2010,MASSACHUSETTS,869
4.172731676366851,2010,MICHIGAN,1583
4.1818345570760265,2010,MINNESOTA,803
4.210604174603377,2010,MISSISSIPPI,353
4.189296166168328,2010,MISSOURI,1093
4.342419163599343,2010,MONTANA,124
4.4341572316205,2010,NEBRASKA,130
4.4165790551930915,2010,NEVADA,542
3.7373492932583603,2010,NEW HAMPSHIRE,283
4.288270603672102,2010,NEW JERSEY,1252
4.403781581277763,2010,NEW MEXICO,378
4.366182228030709,2010,NEW YORK,2523
4.462121177192344,2010,NORTH CAROLINA,1327
4.264771362283564,2010,NORTH DAKOTA,111
4.238553434008485,2010,OHIO,2095
4.462077476263106,2010,OKLAHOMA,506
4.385600774215527,2010,OREGON,717
4.456689548701611,2010,PENNSYLVANIA,2341
3.9144362195798403,2010,RHODE ISLAND,145
4.215576019671748,2010,SOUTH CAROLINA,584
3.8014963543225404,2010,SOUTH DAKOTA,126
4.224985036184505,2010,TENNESSEE,839
4.331354788916091,2010,TEXAS,3331
3.9000550533893033,2010,UTAH,344
4.694208136564567,2010,VERMONT,77
4.191890044911042,2010,VIRGINIA,1143
4.130480948594298,2010,WASHINGTON,1165
4.829492234489208,2010,WEST VIRGINIA,273
4.236468721619202,2010,WISCONSIN,881
3.9340031292314954,2010,WYOMING,80
4.688769510815138,2011,ALABAMA,195
4.235617828906529,2011,ALASKA,45
4.256347251820035,2011,ARIZONA,408
4.078597970072561,2011,ARKANSAS,153
4.3503758505939665,2011,CALIFORNIA,1478
4.311671646254535,2011,COLORADO,324
4.441368960932657,2011,CONNECTICUT,190
5.254334933401777,2011,DELAWARE,45
3.9415652594975183,2011,DISTRICT OF COLUMBIA,40
4.2605365814576235,2011,FLORIDA,1186
4.490611385955585,2011,GEORGIA,522
4.017819929659879,2011,HAWAII,56
4.140586013635545,2011,IDAHO,104
4.284744262900082,2011,ILLINOIS,650
4.337410290416123,2011,INDIANA,358
4.074214002634358,2011,IOWA,188
4.105157593838631,2011,KANSAS,179
4.445295532778493,2011,KENTUCKY,218
4.617607571593412,2011,LOUISIANA,185
4.0746227124559535,2011,MAINE,97
4.3899365199326645,2011,MARYLAND,317
3.879766583390415,2011,MASSACHUSETTS,319
4.2331794528973985,2011,MICHIGAN,608
4.372947070863191,2011,MINNESOTA,316
4.460197962453432,2011,MISSISSIPPI,133
3.8842935215068173,2011,MISSOURI,402
3.425159347263696,2011,MONTANA,55
4.353961345041974,2011,NEBRASKA,114
4.379456902310021,2011,NEVADA,188
3.5205210766002635,2011,NEW HAMPSHIRE,100
4.222920200684953,2011,NEW JERSEY,450
4.203882212642334,2011,NEW MEXICO,116
4.32933401311352,2011,NEW YORK,928
4.540622432127578,2011,NORTH CAROLINA,454
4.147817214651949,2011,NORTH DAKOTA,39
4.3412048731167605,2011,OHIO,814
4.5058918036702185,2011,OKLAHOMA,172
4.5742469980562115,2011,OREGON,262
4.474867059851676,2011,PENNSYLVANIA,958
4.051431846000186,2011,RHODE ISLAND,54
4.216454327542117,2011,SOUTH CAROLINA,205
4.351871768316448,2011,SOUTH DAKOTA,57
4.221575812283898,2011,TENNESSEE,304
4.242229269628375,2011,TEXAS,1160
3.828664391268757,2011,UTAH,135
3.9927163372447554,2011,VERMONT,47
4.160625960518285,2011,VIRGINIA,448
3.9041310755218763,2011,WASHINGTON,410
4.05419372121604,2011,WEST VIRGINIA,91
4.367206143094261,2011,WISCONSIN,387
3.5834958397955816,2011,WYOMING,32
4.521648561197534,2012,ALABAMA,629
4.020577917897041,2012,ALASKA,94
4.284433690532698,2012,ARIZONA,1218
4.104575366301562,2012,ARKANSAS,394
4.3232883122702646,2012,CALIFORNIA,4319
4.115420047071511,2012,COLORADO,845
4.01296385192459,2012,CONNECTICUT,497
4.228448969455546,2012,DELAWARE,202
3.968971673180012,2012,DISTRICT OF COLUMBIA,98
4.279284387493915,2012,FLORIDA,3262
4.445678730819908,2012,GEORGIA,1499
4.1206283963719335,2012,HAWAII,156
4.391253780697168,2012,IDAHO,314
4.257275546654973,2012,ILLINOIS,1747
4.231473972875568,2012,INDIANA,849
3.88527868573573,2012,IOWA,507
4.197768290751142,2012,KANSAS,563
4.481009327925382,2012,KENTUCKY,693
4.485489731436534,2012,LOUISIANA,589
3.822360083990964,2012,MAINE,312
4.541063831071284,2012,MARYLAND,911
3.6829611381899463,2012,MASSACHUSETTS,939
4.27212018737685,2012,MICHIGAN,1465
4.302661052049085,2012,MINNESOTA,832
4.892724805951286,2012,MISSISSIPPI,363
4.113326756963182,2012,MISSOURI,974
3.8190567485930664,2012,MONTANA,205
4.24575904651832,2012,NEBRASKA,450
4.302368821298264,2012,NEVADA,558
3.7229525564713466,2012,NEW HAMPSHIRE,280
4.139660860450681,2012,NEW JERSEY,1254
4.194376231381674,2012,NEW MEXICO,388
4.336199135924417,2012,NEW YORK,2362
4.3695374564334175,2012,NORTH CAROLINA,1447
3.8753929648813186,2012,NORTH DAKOTA,85
4.354294795486053,2012,OHIO,1684
4.6263314215232265,2012,OKLAHOMA,529
4.148627310112052,2012,OREGON,965
4.428726404805365,2012,PENNSYLVANIA,1877
3.79894602634484,2012,RHODE ISLAND,199
4.376898446813634,2012,SOUTH CAROLINA,767
4.563967004113103,2012,SOUTH DAKOTA,141
4.21765338860439,2012,TENNESSEE,871
4.306639666928647,2012,TEXAS,3062
4.2414386055089235,2012,UTAH,465
4.025687145668583,2012,VERMONT,124
4.261765870823752,2012,VIRGINIA,1316
4.0633150760562184,2012,WASHINGTON,1193
4.204610452803605,2012,WEST VIRGINIA,288
4.294782785570713,2012,WISCONSIN,944
3.9115643172968326,2012,WYOMING,122
4.366496473795466,2013,ALABAMA,152
4.338585685840762,2013,ARIZONA,296
4.070089084213871,2013,ARKANSAS,123
4.359460142169039,2013,CALIFORNIA,1165
4.284345623841779,2013,COLORADO,223
4.29856920778635,2013,CONNECTICUT,141
4.680685110154434,2013,DELAWARE,46
4.524939764359538,2013,FLORIDA,995
4.5902094119773205,2013,GEORGIA,422
4.260883859522905,2013,IDAHO,80
4.23782812778572,2013,ILLINOIS,500
4.560827775561483,2013,INDIANA,289
4.1659243207365435,2013,IOWA,160
4.447793417760108,2013,KANSAS,131
4.636058725600309,2013,KENTUCKY,174
4.684181696392546,2013,LOUISIANA,120
4.199224254116498,2013,MAINE,73
4.524019490963504,2013,MARYLAND,232
4.0958323921408475,2013,MASSACHUSETTS,253
4.318521657054324,2013,MICHIGAN,455
4.586002965972176,2013,MINNESOTA,227
4.624308028338628,2013,MISSISSIPPI,100
4.285966603617479,2013,MISSOURI,300
4.698103575659198,2013,MONTANA,40
4.629217804828235,2013,NEBRASKA,89
4.364511423698879,2013,NEVADA,167
3.9456687358117657,2013,NEW HAMPSHIRE,78
4.5136250338617065,2013,NEW JERSEY,357
4.095055964648677,2013,NEW MEXICO,105
4.4647211340633115,2013,NEW YORK,727
4.4143972563325224,2013,NORTH CAROLINA,354
4.466529525088109,2013,OHIO,589
4.148001078476577,2013,OKLAHOMA,121
4.286521232209022,2013,OREGON,213
4.603837861674626,2013,PENNSYLVANIA,687
3.9775373167739385,2013,RHODE ISLAND,46
4.3068299293443095,2013,SOUTH CAROLINA,152
3.995277141480042,2013,SOUTH DAKOTA,45
4.462687973338629,2013,TENNESSEE,219
4.352184748558049,2013,TEXAS,873
4.032060411999164,2013,UTAH,109
4.561721400638379,2013,VERMONT,42
4.23640629503517,2013,VIRGINIA,338
4.433642711570605,2013,WASHINGTON,330
4.644414772381561,2013,WEST VIRGINIA,92
4.307805390757284,2013,WISCONSIN,281
4.619551636631925,2014,ALABAMA,571
3.6031069833755347,2014,ALASKA,70
4.331523333041149,2014,ARIZONA,1136
4.434352410328064,2014,ARKANSAS,398
4.525373274052114,2014,CALIFORNIA,4632
4.264125184981851,2014,COLORADO,809
4.312940938826557,2014,CONNECTICUT,496
4.746192346244989,2014,DELAWARE,174
4.522124530202561,2014,DISTRICT OF COLUMBIA,120
4.530836018129936,2014,FLORIDA,3293
4.58886156972648,2014,GEORGIA,1391
4.37289188016371,2014,HAWAII,140
4.530366623736462,2014,IDAHO,226
4.342802094235891,2014,ILLINOIS,1927
4.428969075486834,2014,INDIANA,957
4.230360805034376,2014,IOWA,450
4.479964555413914,2014,KANSAS,383
4.711965034996485,2014,KENTUCKY,625
4.723635489888481,2014,LOUISIANA,510
4.200148372127153,2014,MAINE,251
4.63242785319518,2014,MARYLAND,842
4.000306690157583,2014,MASSACHUSETTS,893
4.359902213237794,2014,MICHIGAN,1495
4.363834002837919,2014,MINNESOTA,824
4.533154308581705,2014,MISSISSIPPI,293
4.362851049838582,2014,MISSOURI,887
4.314930355078978,2014,MONTANA,151
4.674576005718556,2014,NEBRASKA,324
4.328525439899726,2014,NEVADA,495
3.9872365932466702,2014,NEW HAMPSHIRE,227
4.381788437861932,2014,NEW JERSEY,1227
4.638705866009233,2014,NEW MEXICO,296
4.520039783222908,2014,NEW YORK,2656
4.574220571019164,2014,NORTH CAROLINA,1394
4.470950590201664,2014,NORTH DAKOTA,98
4.467647875940639,2014,OHIO,1971
4.6727331006917385,2014,OKLAHOMA,383
4.372053924666455,2014,OREGON,771
4.575980946072832,2014,PENNSYLVANIA,2219
3.9637624287700763,2014,RHODE ISLAND,154
4.463448321852773,2014,SOUTH CAROLINA,629
4.509589720568487,2014,SOUTH DAKOTA,108
4.555167218977569,2014,TENNESSEE,814
4.461159219049636,2014,TEXAS,3044
4.257145289255465,2014,UTAH,364
4.145627033220601,2014,VERMONT,96
4.499252979949684,2014,VIRGINIA,1183
4.143334285377415,2014,WASHINGTON,1042
4.570556540598262,2014,WEST VIRGINIA,283
4.461758535221904,2014,WISCONSIN,969
3.9998231178463737,2014,WYOMING,85
4.433678437494612,2015,ALABAMA,152
4.227072949470002,2015,ARIZONA,264
4.522412597435629,2015,ARKANSAS,108
4.482805782939431,2015,CALIFORNIA,1107
4.180584431096658,2015,COLORADO,188
4.439454436472659,2015,CONNECTICUT,123
4.878562008870455,2015,DELAWARE,37
4.496494301032048,2015,DISTRICT OF COLUMBIA,30
4.440057741065066,2015,FLORIDA,835
4.512765600611118,2015,GEORGIA,337
3.844781667481898,2015,HAWAII,31
4.637803859072065,2015,IDAHO,75
4.4037986723590095,2015,ILLINOIS,521
4.478927819017715,2015,INDIANA,235
4.222052633169285,2015,IOWA,131
4.552325182030214,2015,KANSAS,92
4.606571102985649,2015,KENTUCKY,210
4.69478259147645,2015,LOUISIANA,121
3.804974059190929,2015,MAINE,63
4.728208642426473,2015,MARYLAND,191
3.9016568662432127,2015,MASSACHUSETTS,233
4.320860619205726,2015,MICHIGAN,376
4.280407475339337,2015,MINNESOTA,210
4.59280476733079,2015,MISSISSIPPI,80
4.364343791681961,2015,MISSOURI,263
4.377886157948565,2015,MONTANA,40
4.5683426408368355,2015,NEBRASKA,91
4.552214309642636,2015,NEVADA,146
3.833800276659697,2015,NEW HAMPSHIRE,76
4.298070574004061,2015,NEW JERSEY,301
4.220299853186089,2015,NEW MEXICO,80
4.529275347581904,2015,NEW YORK,660
4.315812866608985,2015,NORTH CAROLINA,332
4.709915834865738,2015,OHIO,520
4.24126453554516,2015,OKLAHOMA,112
4.443840501545988,2015,OREGON,210
4.6493651269021345,2015,PENNSYLVANIA,741
4.131089888238506,2015,RHODE ISLAND,34
4.4027522390901845,2015,SOUTH CAROLINA,158
3.9403761958931156,2015,SOUTH DAKOTA,45
4.447407067911298,2015,TENNESSEE,223
4.321427586628553,2015,TEXAS,734
4.292120369765179,2015,UTAH,99
4.490608283949949,2015,VIRGINIA,292
4.16719692168407,2015,WASHINGTON,246
4.729107840273949,2015,WEST VIRGINIA,82
4.307390449250278,2015,WISCONSIN,231
4.571640066045514,2015,WYOMING,32
4.649162136597686,2016,ALABAMA,612
4.124225227133145,2016,ALASKA,87
4.432578343178356,2016,ARIZONA,1214
4.392788528217469,2016,ARKANSAS,419
4.57068305765462,2016,CALIFORNIA,4970
4.3336652826640645,2016,COLORADO,810
4.543154869679898,2016,CONNECTICUT,584
4.781830098254566,2016,DELAWARE,221
4.5720892879449195,2016,DISTRICT OF COLUMBIA,165
4.605527145821239,2016,FLORIDA,4078
4.645897080736913,2016,GEORGIA,1668
4.16719336283844,2016,HAWAII,158
4.195553492862556,2016,IDAHO,247
4.457818274220715,2016,ILLINOIS,2154
4.589629785395976,2016,INDIANA,1104
4.371305975341334,2016,IOWA,542
4.450777405116806,2016,KANSAS,434
4.650294107977756,2016,KENTUCKY,760
4.696540892623922,2016,LOUISIANA,533
4.33342330984276,2016,MAINE,254
4.546469443240975,2016,MARYLAND,1023
3.97467121026804,2016,MASSACHUSETTS,1071
4.416398623584163,2016,MICHIGAN,1629
4.3794296865489954,2016,MINNESOTA,873
4.82954350333571,2016,MISSISSIPPI,335
4.477455500418454,2016,MISSOURI,1023
4.459407963285013,2016,MONTANA,142
4.480126566477715,2016,NEBRASKA,300
4.420113166912126,2016,NEVADA,555
4.300639492693762,2016,NEW HAMPSHIRE,276
4.532038213146406,2016,NEW JERSEY,1490
4.456090112322523,2016,NEW MEXICO,303
4.572529966507451,2016,NEW YORK,3555
4.504457794832581,2016,NORTH CAROLINA,1609
4.210671253751547,2016,NORTH DAKOTA,97
4.45156115616706,2016,OHIO,2202
4.495147274091883,2016,OKLAHOMA,515
4.511281581080544,2016,OREGON,826
4.598723904983039,2016,PENNSYLVANIA,2890
3.881643058571042,2016,RHODE ISLAND,153
4.505674409159864,2016,SOUTH CAROLINA,669
4.395108606701884,2016,SOUTH DAKOTA,133
4.436062225867731,2016,TENNESSEE,950
4.41904327635846,2016,TEXAS,3590
4.2929616273450995,2016,UTAH,411
3.8798074213573717,2016,VERMONT,96
4.632490261091288,2016,VIRGINIA,1645
4.375326794751171,2016,WASHINGTON,1149
4.574174683287229,2016,WEST VIRGINIA,320
4.281243621073697,2016,WISCONSIN,1062
4.2251568437692875,2016,WYOMING,80
4.5292898049891885,2017,ALABAMA,208
4.455247002440857,2017,ARIZONA,357
4.0471640425908335,2017,ARKANSAS,123
4.519506629534257,2017,CALIFORNIA,1460
4.394687314749281,2017,COLORADO,254
4.501521151538231,2017,CONNECTICUT,123
4.670441112069194,2017,DELAWARE,65
3.4993391757131804,2017,DISTRICT OF COLUMBIA,43
4.571939339633047,2017,FLORIDA,1109
4.780429194505583,2017,GEORGIA,434
3.918343935854179,2017,HAWAII,40
4.308266095905494,2017,IDAHO,85
4.254999172213978,2017,ILLINOIS,596
4.363885310576617,2017,INDIANA,285
4.25317983144933,2017,IOWA,159
4.1281663254532495,2017,KANSAS,110
4.6750619996321685,2017,KENTUCKY,240
4.82068842766396,2017,LOUISIANA,154
4.334063614664158,2017,MAINE,70
4.577089746707367,2017,MARYLAND,233
4.155214832020016,2017,MASSACHUSETTS,257
4.453073943516259,2017,MICHIGAN,443
4.555565050455229,2017,MINNESOTA,240
4.600099084789216,2017,MISSISSIPPI,101
4.423305610447558,2017,MISSOURI,263
4.650231953016748,2017,MONTANA,48
4.016797774534744,2017,NEBRASKA,77
4.531402452004267,2017,NEVADA,170
3.9281882142164095,2017,NEW HAMPSHIRE,76
4.484483384725122,2017,NEW JERSEY,390
4.3595049594472,2017,NEW MEXICO,111
4.4995250226640735,2017,NEW YORK,839
4.249930074931252,2017,NORTH CAROLINA,452
4.599952627215817,2017,OHIO,639
4.164653772332034,2017,OKLAHOMA,156
4.396905403849171,2017,OREGON,219
4.514248739482543,2017,PENNSYLVANIA,799
4.212709061662452,2017,RHODE ISLAND,37
4.3321700442620426,2017,SOUTH CAROLINA,202
5.010600886264875,2017,SOUTH DAKOTA,36
4.3195224811892,2017,TENNESSEE,248
4.331778335889364,2017,TEXAS,1030
4.066349060280183,2017,UTAH,128
4.607166480232914,2017,VIRGINIA,477
4.214449845131367,2017,WASHINGTON,298
4.404603154543542,2017,WEST VIRGINIA,79
4.222903564626131,2017,WISCONSIN,296
4.823285659308012,2018,ALABAMA,773
4.031530182432956,2018,ALASKA,74
4.496383524975922,2018,ARIZONA,1317
4.484201051880951,2018,ARKANSAS,412
4.52108365715111,2018,CALIFORNIA,4390
4.439285372780345,2018,COLORADO,795
4.391213932560415,2018,CONNECTICUT,515
4.621099210858674,2018,DELAWARE,181
4.70383243350015,2018,DISTRICT OF COLUMBIA,104
4.624755611353825,2018,FLORIDA,3711
4.715016835670074,2018,GEORGIA,1584
4.09726352708945,2018,HAWAII,158
4.180773221940095,2018,IDAHO,280
4.648363626578222,2018,ILLINOIS,2003
4.57632663785688,2018,INDIANA,1140
4.397458660738142,2018,IOWA,457
4.420095973612854,2018,KANSAS,389
4.74126813036109,2018,KENTUCKY,791
4.598622615886578,2018,LOUISIANA,574
4.170209963588167,2018,MAINE,257
4.741530033656645,2018,MARYLAND,885
4.140411681921961,2018,MASSACHUSETTS,926
4.512740596615258,2018,MICHIGAN,1552
4.472653666566719,2018,MINNESOTA,841
4.8360539338976265,2018,MISSISSIPPI,366
4.549760269930951,2018,MISSOURI,1265
4.347115358004782,2018,MONTANA,216
4.322336221485612,2018,NEBRASKA,283
4.541704382091673,2018,NEVADA,536
3.995081407089857,2018,NEW HAMPSHIRE,231
4.669403507751076,2018,NEW JERSEY,1289
4.349360236475745,2018,NEW MEXICO,318
4.567643150316054,2018,NEW YORK,2842
4.555697264275977,2018,NORTH CAROLINA,1483
3.9176358081590275,2018,NORTH DAKOTA,131
4.620308901182954,2018,OHIO,2082
4.741725787098794,2018,OKLAHOMA,517
4.609007207492192,2018,OREGON,750
4.673124814264476,2018,PENNSYLVANIA,2627
4.307463410211911,2018,RHODE ISLAND,139
4.4749132024657765,2018,SOUTH CAROLINA,741
4.3370442995096505,2018,SOUTH DAKOTA,131
4.433448902888687,2018,TENNESSEE,1070
4.542136254381857,2018,TEXAS,3608
4.106598970977149,2018,UTAH,477
4.081124802911198,2018,VERMONT,100
4.485107913203231,2018,VIRGINIA,1460
4.253370920491925,2018,WASHINGTON,1108
4.541591843712748,2018,WEST VIRGINIA,351
4.28940395080981,2018,WISCONSIN,1013
4.565780272988621,2018,WYOMING,84
4.951289026897858,2019,ALABAMA,214
4.427559006860229,2019,ARIZONA,398
4.624797754231527,2019,ARKANSAS,121
4.74404960907402,2019,CALIFORNIA,1338
4.4255157210097416,2019,COLORADO,269
4.420320396092512,2019,CONNECTICUT,132
4.712779375137407,2019,DELAWARE,57
5.053113644890997,2019,DISTRICT OF COLUMBIA,38
4.676801005898762,2019,FLORIDA,1150
4.619156138518994,2019,GEORGIA,469
4.389882753534989,2019,HAWAII,45
4.590961704676393,2019,IDAHO,80
4.604781112926519,2019,ILLINOIS,550
4.563235993664774,2019,INDIANA,324
4.510827420591708,2019,IOWA,135
4.677899072534485,2019,KANSAS,104
4.760150990590323,2019,KENTUCKY,242
4.602565607559171,2019,LOUISIANA,168
4.326969273781151,2019,MAINE,81
4.868389165706015,2019,MARYLAND,257
4.37031325549035,2019,MASSACHUSETTS,228
4.600182008087906,2019,MICHIGAN,465
4.5312406000471555,2019,MINNESOTA,246
5.0109854007227685,2019,MISSISSIPPI,111
4.642849918598895,2019,MISSOURI,345
4.2842754515364305,2019,MONTANA,66
4.3061192140351725,2019,NEBRASKA,72
4.268991113497159,2019,NEVADA,186
4.513919559454234,2019,NEW HAMPSHIRE,79
4.661313483315565,2019,NEW JERSEY,430
4.722426606612351,2019,NEW MEXICO,101
4.712659833492946,2019,NEW YORK,894
4.632015716803641,2019,NORTH CAROLINA,426
4.370165918744081,2019,NORTH DAKOTA,42
4.623205103650344,2019,OHIO,585
4.581583281530962,2019,OKLAHOMA,143
4.551909146309075,2019,OREGON,276
4.810147982822416,2019,PENNSYLVANIA,821
4.302429272040385,2019,RHODE ISLAND,42
4.809942593729448,2019,SOUTH CAROLINA,207
4.547310350343706,2019,SOUTH DAKOTA,36
4.79709337829868,2019,TENNESSEE,300
4.638113806668924,2019,TEXAS,1043
4.593688903823485,2019,UTAH,124
3.7957695502466215,2019,VERMONT,34
4.600858564587165,2019,VIRGINIA,462
4.476098087017747,2019,WASHINGTON,368
4.7073493931010315,2019,WEST VIRGINIA,99
4.739640794878775,2019,WISCONSIN,312
4.206508428320243,2019,WYOMING,30
4.754659087974387,2020,ALABAMA,767
4.130115482782944,2020,ALASKA,87
4.530894889176603,2020,ARIZONA,1203
4.321321722613357,2020,ARKANSAS,410
4.5895862764921205,2020,CALIFORNIA,4119
4.418277096140548,2020,COLORADO,828
4.463965250396916,2020,CONNECTICUT,495
4.806064697720995,2020,DELAWARE,197
4.54473275625333,2020,DISTRICT OF COLUMBIA,175
4.70973271383418,2020,FLORIDA,3828
4.737635410099036,2020,GEORGIA,1622
4.400500836730508,2020,HAWAII,155
4.142696468083618,2020,IDAHO,250
4.623199720793279,2020,ILLINOIS,1862
4.590588872296356,2020,INDIANA,1157
4.547251526596886,2020,IOWA,520
4.4924734264183925,2020,KANSAS,366
4.825820359418053,2020,KENTUCKY,846
4.826836355094109,2020,LOUISIANA,507
4.751545362335758,2020,MAINE,287
4.630775102284504,2020,MARYLAND,948
4.175463737247545,2020,MASSACHUSETTS,971
4.635916805092704,2020,MICHIGAN,1571
4.4569574366773725,2020,MINNESOTA,844
4.989328414283374,2020,MISSISSIPPI,369
4.644015402551213,2020,MISSOURI,1154
4.1764511277137615,2020,MONTANA,180
4.259366040312374,2020,NEBRASKA,280
4.7072523107607545,2020,NEVADA,581
3.969017615667455,2020,NEW HAMPSHIRE,289
4.622102844672453,2020,NEW JERSEY,1418
4.692184150148481,2020,NEW MEXICO,302
4.554995573235828,2020,NEW YORK,3042
4.625223875338948,2020,NORTH CAROLINA,1620
4.527434658670947,2020,NORTH DAKOTA,115
4.5846891601121325,2020,OHIO,2124
4.594049445944616,2020,OKLAHOMA,446
4.655805604687605,2020,OREGON,737
4.731428073330731,2020,PENNSYLVANIA,2652
4.363512842453357,2020,RHODE ISLAND,145
4.684343845973554,2020,SOUTH CAROLINA,868
4.629182538494673,2020,SOUTH DAKOTA,128
4.606023256414721,2020,TENNESSEE,1179
4.621728824992408,2020,TEXAS,3556
4.311448181291599,2020,UTAH,404
4.033414598286143,2020,VERMONT,114
4.479700842052851,2020,VIRGINIA,1502
4.47259264414324,2020,WASHINGTON,1113
4.4615259146806885,2020,WEST VIRGINIA,362
4.588315574103383,2020,WISCONSIN,997
4.596653814066375,2020,WYOMING,77
4.762417058535676,2021,ALABAMA,320
4.036713123441171,2021,ALASKA,38
4.471184977132446,2021,ARIZONA,559
4.481768262832455,2021,ARKANSAS,169
4.636475836257049,2021,CALIFORNIA,1842
4.52016520175766,2021,COLORADO,354
4.460058990685611,2021,CONNECTICUT,172
4.420735102262126,2021,DELAWARE,76
4.733950784023701,2021,DISTRICT OF COLUMBIA,81
4.6098636217753075,2021,FLORIDA,1564
4.557646842223676,2021,GEORGIA,615
4.546796241097317,2021,HAWAII,77
4.28407874643341,2021,IDAHO,113
4.526113780967949,2021,ILLINOIS,779
4.532946068339763,2021,INDIANA,463
4.332753756867887,2021,IOWA,221
4.203617150649643,2021,KANSAS,181
4.777944128989622,2021,KENTUCKY,347
4.684167990046067,2021,LOUISIANA,238
4.256198234055443,2021,MAINE,115
4.511815934293284,2021,MARYLAND,378
4.222383313387759,2021,MASSACHUSETTS,341
4.571523211133028,2021,MICHIGAN,624
4.602555964613632,2021,MINNESOTA,333
4.883309795165781,2021,MISSISSIPPI,154
4.470093504580147,2021,MISSOURI,425
4.330236367375306,2021,MONTANA,78
4.714391186253103,2021,NEBRASKA,121
4.569897441051193,2021,NEVADA,288
4.337018102150712,2021,NEW HAMPSHIRE,93
4.572151367084997,2021,NEW JERSEY,547
4.662949073831334,2021,NEW MEXICO,156
4.607260923685329,2021,NEW YORK,1250
4.4771043637410735,2021,NORTH CAROLINA,647
4.686087312662768,2021,NORTH DAKOTA,41
4.528638646109949,2021,OHIO,809
4.375893662991931,2021,OKLAHOMA,207
4.347414465947654,2021,OREGON,348
4.652192216616617,2021,PENNSYLVANIA,1043
4.55831096658011,2021,RHODE ISLAND,60
4.567235093244399,2021,SOUTH CAROLINA,343
4.5753751258666036,2021,SOUTH DAKOTA,56
4.610046847657915,2021,TENNESSEE,467
4.596741544532948,2021,TEXAS,1577
4.311144520523482,2021,UTAH,188
4.07397046728719,2021,VERMONT,49
4.602032798903846,2021,VIRGINIA,545
4.221523921417482,2021,WASHINGTON,512
4.671237586883569,2021,WEST VIRGINIA,146
4.572532433386715,2021,WISCONSIN,403
4.363678769155795,2021,WYOMING,31
